6.000000000000000000e+00,7.000000000000000000e+00,0.000000000000000000e+00,0.000000000000000000e+00,1.000000000000000000e+00,2.800000000000000000e+02
9.000000000000000000e+00,1.000000000000000000e+01,2.349454338230894113e-01,-2.484697868176451441e-01,9.397145354651453841e-01,3.100000000000000000e+02
2.000000000000000000e+00,3.000000000000000000e+00,1.106741908549197743e-03,-6.893425447758365632e-01,-7.244346975982870473e-01,6.200000000000000000e+01
4.000000000000000000e+00,7.000000000000000000e+00,2.759409417432039380e-01,-7.734540458998588885e-01,-5.706359921622652376e-01,3.200000000000000000e+01
3.000000000000000000e+00,1.100000000000000000e+01,1.915563080443364319e-01,4.887360312076479141e-01,-8.511423339535052479e-01,7.000000000000000000e+01
1.000000000000000000e+00,1.000000000000000000e+01,5.773502691896253980e-01,5.773502691896260641e-01,-5.773502691896257311e-01,6.000000000000000000e+00
1.000000000000000000e+00,5.000000000000000000e+00,9.996669138897670281e-01,1.396100210004177361e-02,-2.170602898901436220e-02,2.040000000000000000e+02
5.000000000000000000e+00,1.000000000000000000e+01,3.081685100257469667e-01,5.090818933243139721e-01,-8.036590043780028614e-01,5.600000000000000000e+01
2.000000000000000000e+00,1.100000000000000000e+01,2.868513130685090839e-01,9.319138232465551397e-01,-2.219300570739813350e-01,5.600000000000000000e+01
1.400000000000000000e+01,1.700000000000000000e+01,0.000000000000000000e+00,1.000000000000000000e+00,0.000000000000000000e+00,8.600000000000000000e+01
4.000000000000000000e+00,1.500000000000000000e+01,9.479796223096994545e-01,2.693534765482342164e-01,-1.696565364403606613e-01,1.200000000000000000e+01
4.000000000000000000e+00,8.000000000000000000e+00,9.998635815107135283e-01,4.711850084287477237e-03,-1.583088239334367459e-02,1.860000000000000000e+02
7.000000000000000000e+00,8.000000000000000000e+00,1.188677184811847420e-01,-8.818608748382595897e-01,-4.562804652103540914e-01,3.200000000000000000e+01
6.000000000000000000e+00,1.500000000000000000e+01,7.071067811865474617e-01,-0.000000000000000000e+00,-7.071067811865474617e-01,4.000000000000000000e+00
8.000000000000000000e+00,1.500000000000000000e+01,5.004450010227282641e-01,1.554925749056874362e-01,-8.516905894164621404e-01,5.400000000000000000e+01
1.200000000000000000e+01,1.600000000000000000e+01,2.742993750335943060e-01,-8.536851189475617163e-01,4.426980579849733588e-01,5.600000000000000000e+01
1.100000000000000000e+01,1.900000000000000000e+01,2.479202329602291088e-01,7.803495454520328334e-01,-5.740994208338406901e-01,7.400000000000000000e+01
1.300000000000000000e+01,1.700000000000000000e+01,1.977880712021211004e-02,5.656608021448555901e-01,8.244007858473570982e-01,4.000000000000000000e+01
7.000000000000000000e+00,2.400000000000000000e+01,5.378985231013472257e-01,-4.857115012091054451e-01,6.890206937665854792e-01,7.400000000000000000e+01
8.000000000000000000e+00,2.900000000000000000e+01,6.305172543211545744e-01,2.374367277868472403e-01,7.389667058137242561e-01,7.000000000000000000e+01
3.000000000000000000e+00,3.200000000000000000e+01,6.915512156294348900e-01,7.223023623152065031e-01,-6.017769962640257507e-03,6.800000000000000000e+01
1.300000000000000000e+01,1.400000000000000000e+01,0.000000000000000000e+00,1.000000000000000000e+00,0.000000000000000000e+00,4.000000000000000000e+00
2.400000000000000000e+01,2.500000000000000000e+01,0.000000000000000000e+00,0.000000000000000000e+00,1.000000000000000000e+00,2.080000000000000000e+02
3.400000000000000000e+01,3.500000000000000000e+01,0.000000000000000000e+00,0.000000000000000000e+00,1.000000000000000000e+00,3.580000000000000000e+02
5.000000000000000000e+00,3.600000000000000000e+01,6.780262517918066445e-01,6.209701355676361390e-01,3.932893243075192280e-01,6.200000000000000000e+01
2.000000000000000000e+00,3.700000000000000000e+01,6.847211101426641244e-01,-1.991606568031828103e-02,-7.285330134268556135e-01,2.400000000000000000e+01
1.100000000000000000e+01,3.200000000000000000e+01,4.591024982283932743e-01,5.136913289899015522e-01,7.248076397507388080e-01,7.600000000000000000e+01
1.200000000000000000e+01,2.300000000000000000e+01,3.251789720406188522e-01,7.828221951255922573e-01,5.305167734967063398e-01,7.600000000000000000e+01
3.700000000000000000e+01,3.800000000000000000e+01,3.330259646293410453e-02,9.984177762093977559e-01,4.530873224785584436e-02,2.400000000000000000e+02
9.000000000000000000e+00,4.100000000000000000e+01,5.432019563192369560e-01,6.928187815215582912e-01,-4.742718319929374871e-01,9.000000000000000000e+01
1.000000000000000000e+01,3.100000000000000000e+01,3.856282945712959376e-01,7.062687980049690006e-01,5.936962214724380571e-01,1.400000000000000000e+01
1.200000000000000000e+01,3.100000000000000000e+01,5.344922284324991058e-01,-4.655750038490569925e-02,-8.438900739451618005e-01,5.800000000000000000e+01
1.900000000000000000e+01,2.300000000000000000e+01,3.574255973973704537e-01,-1.877771420425317084e-01,-9.148697651859917235e-01,5.800000000000000000e+01
1.300000000000000000e+01,3.200000000000000000e+01,5.063199534335972585e-01,-8.563874390359674793e-01,-1.011961413118937503e-01,7.000000000000000000e+01
1.700000000000000000e+01,3.900000000000000000e+01,5.647976524982478708e-01,-8.252294297542158708e-01,-0.000000000000000000e+00,5.400000000000000000e+01
1.300000000000000000e+01,1.800000000000000000e+01,9.082482904638627952e-01,9.175170953613701053e-02,4.082482904638631838e-01,8.000000000000000000e+00
1.700000000000000000e+01,1.800000000000000000e+01,0.000000000000000000e+00,1.000000000000000000e+00,0.000000000000000000e+00,8.400000000000000000e+01
1.400000000000000000e+01,1.800000000000000000e+01,1.000000000000000000e+00,0.000000000000000000e+00,0.000000000000000000e+00,9.800000000000000000e+01
1.300000000000000000e+01,2.600000000000000000e+01,5.343191936920662632e-01,8.434773879995367540e-01,-5.521680166162410558e-02,3.800000000000000000e+01
2.100000000000000000e+01,2.900000000000000000e+01,1.811855276333505099e-02,-5.363737405969809524e-01,8.437860679365147831e-01,7.400000000000000000e+01
2.100000000000000000e+01,2.700000000000000000e+01,7.013452102235870900e-01,2.472797917698394202e-02,7.123927450095594027e-01,2.660000000000000000e+02
1.600000000000000000e+01,3.700000000000000000e+01,5.632831669377927897e-01,2.479898093338173126e-01,7.881707481955337879e-01,5.800000000000000000e+01
1.600000000000000000e+01,3.600000000000000000e+01,6.106827123396116885e-01,-1.361054096885937204e-02,-7.917584088748726989e-01,5.000000000000000000e+01
3.000000000000000000e+00,4.200000000000000000e+01,9.465202074313912028e-01,2.433238399386917702e-02,3.217257092823186948e-01,7.400000000000000000e+01
1.100000000000000000e+01,3.800000000000000000e+01,5.588290893319228791e-01,-5.208892643650959720e-01,-6.452785624717767288e-01,2.000000000000000000e+01
2.000000000000000000e+01,2.300000000000000000e+01,3.991050237759287689e-01,-6.984328085585884693e-01,5.940595861744658590e-01,1.800000000000000000e+01
1.900000000000000000e+01,4.300000000000000000e+01,5.023780786299810730e-01,7.230226022031709388e-01,4.741883410791577491e-01,8.200000000000000000e+01
2.000000000000000000e+01,3.300000000000000000e+01,2.398468306672945916e-01,6.278989608467139272e-01,-7.404163644777652653e-01,3.800000000000000000e+01
1.300000000000000000e+01,4.300000000000000000e+01,6.323836287758718422e-01,3.460507598683717490e-01,-6.930655219030756875e-01,7.800000000000000000e+01
2.000000000000000000e+01,2.400000000000000000e+01,4.995713514615984230e-01,7.741802012454706006e-01,3.886817217188822116e-01,1.600000000000000000e+01
1.800000000000000000e+01,4.000000000000000000e+01,4.925969577481827399e-01,8.702451122036508613e-01,-4.656383026589661946e-03,4.600000000000000000e+01
2.500000000000000000e+01,3.400000000000000000e+01,2.904111308551652337e-01,3.375502106115125245e-01,8.953888710451720634e-01,8.200000000000000000e+01
6.000000000000000000e+00,4.400000000000000000e+01,8.073992795500053443e-01,4.156683430833862380e-01,-4.187197534633929630e-01,5.800000000000000000e+01
2.100000000000000000e+01,3.500000000000000000e+01,2.713336093436732321e-01,-8.139097067874716540e-01,-5.137402667084475238e-01,8.200000000000000000e+01
2.100000000000000000e+01,3.000000000000000000e+01,1.055379854379008553e-02,-7.011899707061208797e-01,-7.128963755816455361e-01,1.400000000000000000e+01
2.700000000000000000e+01,3.000000000000000000e+01,9.625598585920921990e-02,8.097692991287480657e-01,5.787991597910346897e-01,5.000000000000000000e+01
3.100000000000000000e+01,3.600000000000000000e+01,2.627031588701679854e-01,-8.241653803656732169e-01,5.017354642900381245e-01,8.800000000000000000e+01
1.100000000000000000e+01,4.600000000000000000e+01,5.520518494789113939e-01,-6.201528239919570362e-01,5.573591574395402315e-01,2.400000000000000000e+01
2.000000000000000000e+01,2.500000000000000000e+01,0.000000000000000000e+00,0.000000000000000000e+00,1.000000000000000000e+00,4.000000000000000000e+00
2.600000000000000000e+01,4.300000000000000000e+01,3.388939351101512010e-01,-6.919266898499223384e-01,-6.374859658211198266e-01,8.400000000000000000e+01
2.600000000000000000e+01,4.000000000000000000e+01,2.054125606994459952e-01,-1.749605433247091932e-02,9.785190687920657382e-01,4.600000000000000000e+01
2.600000000000000000e+01,2.800000000000000000e+01,8.980559531591709999e-02,0.000000000000000000e+00,9.959593139531121020e-01,1.000000000000000000e+01
1.500000000000000000e+01,4.400000000000000000e+01,6.624629423078843837e-01,-7.484220338497904468e-01,3.173813663282091385e-02,6.800000000000000000e+01
2.200000000000000000e+01,4.200000000000000000e+01,2.789408761204627551e-01,7.542172183420652321e-01,-5.944311357806775220e-01,4.000000000000000000e+01
3.100000000000000000e+01,4.100000000000000000e+01,1.429335108678118360e-01,-2.148743449297724206e-01,-9.661257823710130976e-01,6.600000000000000000e+01
3.200000000000000000e+01,4.200000000000000000e+01,3.276696665977515410e-01,-8.209059704749365194e-01,4.677028728052897155e-01,8.000000000000000000e+01
1.100000000000000000e+01,4.900000000000000000e+01,7.853915979519646706e-01,4.110196957210777713e-01,-4.628421411192072399e-01,6.800000000000000000e+01
3.100000000000000000e+01,4.700000000000000000e+01,2.499546542281364525e-01,9.260659718003341201e-01,-2.827091910483200965e-01,7.400000000000000000e+01
3.200000000000000000e+01,3.900000000000000000e+01,6.646019905440125886e-02,5.871811708300382904e-01,8.067225759604814694e-01,2.600000000000000000e+01
2.000000000000000000e+01,4.700000000000000000e+01,6.142495165132297874e-01,-1.787965879432914240e-01,-7.685891695848310334e-01,8.000000000000000000e+01
3.300000000000000000e+01,4.700000000000000000e+01,4.964601911672142376e-01,-8.672695352224336629e-01,3.702474660651862426e-02,6.200000000000000000e+01
3.500000000000000000e+01,4.300000000000000000e+01,1.260394037095026176e-01,-6.029301146744829865e-01,7.877749332970476193e-01,9.200000000000000000e+01
1.500000000000000000e+01,5.300000000000000000e+01,6.973230698509570447e-01,2.045633150279977386e-01,6.869456939223023140e-01,8.600000000000000000e+01
1.200000000000000000e+01,5.500000000000000000e+01,8.616921115158351352e-01,-9.440578432799981434e-02,4.985722142646910604e-01,7.600000000000000000e+01
3.200000000000000000e+01,4.600000000000000000e+01,3.737618484241361783e-01,-8.481528517443024384e-01,-3.754181944719522379e-01,7.000000000000000000e+01
1.900000000000000000e+01,4.900000000000000000e+01,6.163006043479741791e-01,-7.806519308765550447e-01,1.037117539097092977e-01,5.400000000000000000e+01
2.000000000000000000e+01,5.000000000000000000e+01,5.927420342878800819e-01,2.468759529880443226e-01,7.666219046078128763e-01,6.600000000000000000e+01
2.300000000000000000e+01,5.000000000000000000e+01,6.478354246633706293e-01,6.107291450490245355e-01,-4.553231533086342653e-01,6.000000000000000000e+01
2.500000000000000000e+01,5.000000000000000000e+01,6.799368588165236593e-01,-5.502170066899026990e-01,4.847134344867310429e-01,6.200000000000000000e+01
4.400000000000000000e+01,4.800000000000000000e+01,1.638633967856392426e-01,5.001915144522526280e-01,8.502689198505576362e-01,8.200000000000000000e+01
2.700000000000000000e+01,5.200000000000000000e+01,6.589622859918684572e-01,-2.608140297781917361e-01,7.055102745610665194e-01,7.000000000000000000e+01
2.900000000000000000e+01,5.300000000000000000e+01,5.362666168543518408e-01,2.079586782998076866e-01,-8.180289137722361881e-01,7.000000000000000000e+01
5.300000000000000000e+01,5.400000000000000000e+01,3.867297795548772787e-02,9.988216437000029257e-01,-2.932106499564359273e-02,2.700000000000000000e+02
2.200000000000000000e+01,4.500000000000000000e+01,7.526084264761891962e-01,-2.067414576513693092e-01,-6.251707975307398968e-01,1.800000000000000000e+01
3.800000000000000000e+01,4.600000000000000000e+01,4.227373598729907700e-01,5.277213474246601477e-01,7.367518605608774918e-01,6.400000000000000000e+01
4.200000000000000000e+01,4.600000000000000000e+01,9.247079299370852823e-02,-6.175521873019396146e-02,-9.937984933590413572e-01,4.400000000000000000e+01
1.300000000000000000e+01,5.700000000000000000e+01,8.276143826502991852e-01,4.238937648129031399e-01,3.679245979587495996e-01,5.600000000000000000e+01
3.400000000000000000e+01,5.000000000000000000e+01,4.822101766607447271e-01,-6.593163785387810005e-01,-5.768667597594094865e-01,7.800000000000000000e+01
2.600000000000000000e+01,5.200000000000000000e+01,6.325856557724222062e-01,6.473010109532992828e-01,-4.252490909217927495e-01,8.400000000000000000e+01
2.800000000000000000e+01,5.200000000000000000e+01,6.952785195460485790e-01,-3.181890225292341445e-01,-6.444715092226696029e-01,6.200000000000000000e+01
4.500000000000000000e+01,4.600000000000000000e+01,7.368758018477958305e-02,-7.597035839259861367e-01,6.460809586240132685e-01,5.600000000000000000e+01
2.300000000000000000e+01,5.600000000000000000e+01,6.858274649009171720e-01,-4.592417098882252691e-01,-5.645686320426600568e-01,5.800000000000000000e+01
3.300000000000000000e+01,6.200000000000000000e+01,7.071067811865475727e-01,-1.718189392846403398e-16,-7.071067811865473507e-01,5.200000000000000000e+01
3.300000000000000000e+01,6.700000000000000000e+01,8.298448081533554843e-01,3.888663217398669603e-01,4.001756841656260999e-01,7.400000000000000000e+01
2.600000000000000000e+01,5.700000000000000000e+01,7.217380033739420053e-01,-6.393616402056671033e-01,2.651621155431423960e-01,6.200000000000000000e+01
4.800000000000000000e+01,5.100000000000000000e+01,7.689924557547310469e-02,5.316604896308673167e-01,8.434593231421357862e-01,5.800000000000000000e+01
2.800000000000000000e+01,6.000000000000000000e+01,7.131212179337236279e-01,9.974778704514815353e-02,6.939081405433419336e-01,6.800000000000000000e+01
3.600000000000000000e+01,6.400000000000000000e+01,6.880485093767256810e-01,-2.317563259636505613e-01,6.876614385875478019e-01,6.800000000000000000e+01
4.200000000000000000e+01,4.500000000000000000e+01,8.004240044158414946e-01,9.517725814339872414e-02,5.918299609577175602e-01,1.200000000000000000e+01
3.800000000000000000e+01,5.500000000000000000e+01,3.809446837515514939e-01,5.279143251703578565e-01,-7.590702294263398375e-01,8.000000000000000000e+00
4.900000000000000000e+01,5.500000000000000000e+01,1.163766701466587283e-01,-5.626221250119682882e-01,-8.184820187961326932e-01,5.600000000000000000e+01
2.400000000000000000e+01,6.700000000000000000e+01,7.806266766112137656e-01,-1.621050215860434240e-01,-6.036091067400488619e-01,6.800000000000000000e+01
3.400000000000000000e+01,5.900000000000000000e+01,5.835397177429285653e-01,6.492892629365594193e-01,-4.877549085881174862e-01,7.200000000000000000e+01
4.400000000000000000e+01,5.100000000000000000e+01,1.258412430373976876e-01,5.414666347632250964e-01,8.312507834516552618e-01,8.000000000000000000e+00
2.900000000000000000e+01,5.900000000000000000e+01,6.893569980323790425e-01,-6.898048858605406730e-01,2.212603640662124393e-01,7.800000000000000000e+01
5.100000000000000000e+01,5.300000000000000000e+01,1.209664702856437651e-01,-9.654246261985223176e-01,2.309164441872343931e-01,5.400000000000000000e+01
2.100000000000000000e+01,7.100000000000000000e+01,7.701144743212765542e-01,6.023306701940923658e-01,2.100510894625385316e-01,3.600000000000000000e+01
2.700000000000000000e+01,7.100000000000000000e+01,8.504153978940546255e-01,5.237786831351030070e-01,-4.949284915979552946e-02,3.600000000000000000e+01
2.900000000000000000e+01,5.400000000000000000e+01,5.773502691896255090e-01,5.773502691896259531e-01,-5.773502691896258421e-01,6.000000000000000000e+00
3.600000000000000000e+01,5.800000000000000000e+01,7.210490471149177960e-01,-0.000000000000000000e+00,-6.928840246784947476e-01,2.200000000000000000e+01
2.200000000000000000e+01,6.100000000000000000e+01,8.665920268902974621e-01,3.045889851959047157e-01,3.952768764138557267e-01,6.400000000000000000e+01
3.100000000000000000e+01,5.800000000000000000e+01,0.000000000000000000e+00,0.000000000000000000e+00,1.000000000000000000e+00,8.000000000000000000e+00
3.100000000000000000e+01,6.500000000000000000e+01,8.179550624999495367e-01,-3.390876323875839926e-01,4.647247500321952107e-01,8.000000000000000000e+01
4.700000000000000000e+01,6.200000000000000000e+01,3.397645547685628764e-01,7.215120341976595242e-01,-6.033079079797278865e-01,7.600000000000000000e+01
4.400000000000000000e+01,6.700000000000000000e+01,3.886745659496522731e-01,-6.325328049162981525e-01,6.699509926021228745e-01,8.400000000000000000e+01
3.000000000000000000e+01,7.100000000000000000e+01,5.533198362341840149e-01,-2.097751528927116194e-01,-8.061212961202645078e-01,2.600000000000000000e+01
3.600000000000000000e+01,6.500000000000000000e+01,7.071067811865474617e-01,7.071067811865474617e-01,0.000000000000000000e+00,1.600000000000000000e+01
5.500000000000000000e+01,5.600000000000000000e+01,6.477680208978190204e-04,-7.095031188360177987e-01,7.047019971296764052e-01,5.400000000000000000e+01
3.200000000000000000e+01,7.200000000000000000e+01,7.387490140762504875e-01,4.663262313934609660e-01,4.866104603435276177e-01,6.000000000000000000e+01
4.300000000000000000e+01,5.700000000000000000e+01,4.297716689740810891e-01,0.000000000000000000e+00,9.029376016908547964e-01,3.000000000000000000e+01
5.100000000000000000e+01,6.700000000000000000e+01,4.161871164017691971e-01,-8.193875628700061364e-01,-3.941983079049579120e-01,6.800000000000000000e+01
2.600000000000000000e+01,6.900000000000000000e+01,4.851309380978366392e-01,7.346905058783299580e-01,4.742128567136876804e-01,1.800000000000000000e+01
5.100000000000000000e+01,5.900000000000000000e+01,4.485011641420519335e-01,-9.061243736311795638e-02,8.891771994143458091e-01,5.000000000000000000e+01
2.800000000000000000e+01,6.900000000000000000e+01,7.412078881950588949e-01,-6.640530676979458091e-01,9.820585399235821911e-02,6.400000000000000000e+01
2.800000000000000000e+01,7.000000000000000000e+01,7.872382402403271356e-16,1.414213562373090316e-01,9.899494936611666907e-01,1.000000000000000000e+01
5.200000000000000000e+01,7.100000000000000000e+01,5.000810480624457988e-01,5.986679764259851266e-01,-6.257120738572828911e-01,8.800000000000000000e+01
5.500000000000000000e+01,6.400000000000000000e+01,3.786507041209359881e-01,-9.253952283251577482e-01,-1.634979087781762708e-02,7.000000000000000000e+01
5.500000000000000000e+01,6.500000000000000000e+01,4.099914643731668029e-01,-3.497664615666715160e-01,-8.423600308088438071e-01,6.200000000000000000e+01
3.200000000000000000e+01,7.900000000000000000e+01,8.389813806552306463e-01,-7.205733269416333964e-02,-5.393681337628741801e-01,7.000000000000000000e+01
3.900000000000000000e+01,7.200000000000000000e+01,8.100000252419647939e-01,1.048272999902870838e-03,-5.864289046693844654e-01,6.600000000000000000e+01
4.000000000000000000e+01,7.300000000000000000e+01,7.590835287589028368e-01,4.006002863980417383e-01,5.131389742601305537e-01,4.200000000000000000e+01
3.500000000000000000e+01,8.500000000000000000e+01,9.143147552649590892e-01,3.475397997976447662e-01,2.079533982924794966e-01,8.200000000000000000e+01
6.900000000000000000e+01,7.000000000000000000e+01,2.875210543785659476e-02,-2.630899125839526384e-02,9.992402881248614310e-01,3.380000000000000000e+02
5.200000000000000000e+01,6.900000000000000000e+01,6.059071086078797741e-01,-5.296270336394967582e-02,7.937704503134527245e-01,7.000000000000000000e+01
4.600000000000000000e+01,7.500000000000000000e+01,7.520150756523505953e-01,-4.005856772355278483e-01,5.234543353391419851e-01,6.800000000000000000e+01
5.800000000000000000e+01,6.500000000000000000e+01,2.763420509676066672e-01,6.514939014813636575e-01,7.065343354711134394e-01,5.600000000000000000e+01
4.100000000000000000e+01,7.800000000000000000e+01,6.824382912654602951e-01,3.361934694446843119e-01,6.490392358844149223e-01,4.400000000000000000e+01
4.200000000000000000e+01,8.300000000000000000e+01,8.571421855222453035e-01,3.155539650233988441e-02,5.141123717143255556e-01,6.200000000000000000e+01
4.900000000000000000e+01,7.900000000000000000e+01,6.957517815954796792e-01,6.446755500541960504e-02,7.153833886513853990e-01,6.200000000000000000e+01
5.500000000000000000e+01,6.600000000000000000e+01,5.156094611647399351e-01,7.245350144549906890e-01,4.573793790565039430e-01,5.200000000000000000e+01
4.900000000000000000e+01,6.600000000000000000e+01,7.974898991259049552e-01,3.818519501355804313e-01,-4.671177035499812780e-01,1.600000000000000000e+01
5.600000000000000000e+01,6.600000000000000000e+01,5.526591815630522708e-01,3.789543964896968653e-01,7.422677376898357826e-01,3.600000000000000000e+01
4.700000000000000000e+01,8.100000000000000000e+01,6.670843317104230286e-01,5.038759183237218053e-01,5.487326792891821237e-01,7.800000000000000000e+01
5.000000000000000000e+01,8.200000000000000000e+01,7.286902931973316955e-01,-2.754674917825407077e-01,-6.269992963082356985e-01,6.400000000000000000e+01
6.200000000000000000e+01,6.700000000000000000e+01,3.474168594181888808e-02,6.263404271272959845e-01,7.787751181207038798e-01,7.200000000000000000e+01
4.400000000000000000e+01,9.000000000000000000e+01,8.528880341008912014e-01,5.161913636114472403e-01,7.828459248454829045e-02,6.600000000000000000e+01
6.000000000000000000e+01,7.000000000000000000e+01,8.012348821859310855e-02,-7.048333940143887144e-01,-7.048333940143887144e-01,8.000000000000000000e+01
4.500000000000000000e+01,7.500000000000000000e+01,6.892250659458447615e-01,7.245473127905079913e-01,0.000000000000000000e+00,2.000000000000000000e+01
4.500000000000000000e+01,7.600000000000000000e+01,7.005104704313060981e-01,7.136013065891260165e-01,-7.632565126004050085e-03,2.600000000000000000e+01
4.200000000000000000e+01,7.600000000000000000e+01,0.000000000000000000e+00,1.000000000000000000e+00,0.000000000000000000e+00,4.000000000000000000e+00
4.900000000000000000e+01,7.700000000000000000e+01,7.541085059032217597e-01,-6.096512647357111847e-01,-2.442246849328672254e-01,4.200000000000000000e+01
5.600000000000000000e+01,6.500000000000000000e+01,0.000000000000000000e+00,0.000000000000000000e+00,1.000000000000000000e+00,4.000000000000000000e+00
4.700000000000000000e+01,8.000000000000000000e+01,7.126763044554669246e-01,-1.103616206249119075e-01,-6.927573873736325716e-01,6.600000000000000000e+01
5.600000000000000000e+01,8.200000000000000000e+01,5.022116350661489648e-01,7.843713676699056725e-01,-3.640673442974899365e-01,7.000000000000000000e+01
8.100000000000000000e+01,8.200000000000000000e+01,0.000000000000000000e+00,0.000000000000000000e+00,1.000000000000000000e+00,2.260000000000000000e+02
5.700000000000000000e+01,7.200000000000000000e+01,4.376368267298549886e-01,-8.560768418498065913e-01,2.749662683644741867e-01,6.200000000000000000e+01
4.300000000000000000e+01,8.900000000000000000e+01,8.357754220523203603e-01,3.842759903854344739e-01,3.921879741993107293e-01,8.000000000000000000e+01
5.100000000000000000e+01,9.000000000000000000e+01,6.992988243992811492e-01,-7.438660768810924579e-04,-7.148290710771653123e-01,5.600000000000000000e+01
7.500000000000000000e+01,7.600000000000000000e+01,4.199114903964185075e-02,2.997780724921239592e-02,-9.986681503256524817e-01,2.040000000000000000e+02
6.400000000000000000e+01,6.500000000000000000e+01,7.768681389269013193e-01,6.221205332339522220e-01,9.716962925191913181e-02,6.000000000000000000e+00
6.100000000000000000e+01,8.300000000000000000e+01,4.076215693913919358e-01,6.898250776015076857e-01,-5.983193281843502964e-01,7.000000000000000000e+01
5.800000000000000000e+01,7.800000000000000000e+01,5.839085226545277507e-01,7.453169420124613476e-01,-3.217972857570437495e-01,6.200000000000000000e+01
5.500000000000000000e+01,7.700000000000000000e+01,5.816433258135288442e-01,-3.457521764296079270e-01,7.363059649566655596e-01,6.200000000000000000e+01
6.200000000000000000e+01,8.000000000000000000e+01,2.717372711270788499e-01,-9.617334174399716495e-01,-3.503839693310467629e-02,6.000000000000000000e+01
5.000000000000000000e+01,8.400000000000000000e+01,7.350947004463892487e-01,2.467535693690129650e-01,6.314653255557940437e-01,4.400000000000000000e+01
6.700000000000000000e+01,8.100000000000000000e+01,3.842158390827672410e-01,-8.656954612838312357e-01,3.208575342897528326e-01,6.400000000000000000e+01
5.700000000000000000e+01,8.900000000000000000e+01,5.292781269072580619e-01,6.100087586033137166e-01,-5.897066887909518940e-01,7.800000000000000000e+01
5.900000000000000000e+01,6.300000000000000000e+01,9.999662508928186533e-01,-2.084233277530122370e-04,8.213016198488957975e-03,2.240000000000000000e+02
6.300000000000000000e+01,8.500000000000000000e+01,4.749129048658046193e-01,-4.424667193922620645e-01,7.607108090609547846e-01,7.200000000000000000e+01
7.000000000000000000e+01,7.300000000000000000e+01,9.690809844607289045e-18,6.139858839099613386e-01,-7.893170049855150472e-01,6.800000000000000000e+01
5.800000000000000000e+01,8.600000000000000000e+01,5.713685221630201427e-01,-6.916600143616480345e-01,-4.417515550787469159e-01,5.200000000000000000e+01
6.500000000000000000e+01,7.800000000000000000e+01,1.000000000000000000e+00,0.000000000000000000e+00,0.000000000000000000e+00,6.000000000000000000e+00
7.200000000000000000e+01,7.900000000000000000e+01,2.826742484605722638e-01,-5.371884826427280046e-01,-7.946847194788977387e-01,7.800000000000000000e+01
4.300000000000000000e+01,9.100000000000000000e+01,9.225234263875099483e-01,-2.832329024764723702e-01,-2.621634046181913758e-01,6.800000000000000000e+01
6.700000000000000000e+01,8.200000000000000000e+01,6.853143553929058607e-01,-5.828594063549903392e-01,4.365995267014318171e-01,1.000000000000000000e+01
6.300000000000000000e+01,8.700000000000000000e+01,0.000000000000000000e+00,0.000000000000000000e+00,1.000000000000000000e+00,6.000000000000000000e+00
6.300000000000000000e+01,8.800000000000000000e+01,6.045352905203458249e-01,-7.626553459846370231e-01,-2.299867512630556221e-01,5.000000000000000000e+01
6.700000000000000000e+01,9.000000000000000000e+01,4.763546994373044075e-01,8.162125431402625919e-01,-3.269300915249315209e-01,9.000000000000000000e+01
6.900000000000000000e+01,8.900000000000000000e+01,1.478911822985088942e-01,-6.963744872101572669e-01,-7.022754244319957539e-01,8.000000000000000000e+01
5.300000000000000000e+01,9.400000000000000000e+01,6.700343117752728395e-01,-5.249066683915516451e-01,5.249066683915516451e-01,2.000000000000000000e+01
7.400000000000000000e+01,7.500000000000000000e+01,2.979414284058611029e-02,5.865408387202961649e-01,8.093714558629346856e-01,5.200000000000000000e+01
6.400000000000000000e+01,6.800000000000000000e+01,1.000000000000000000e+00,0.000000000000000000e+00,0.000000000000000000e+00,1.000000000000000000e+01
5.800000000000000000e+01,6.800000000000000000e+01,2.905743542828053139e-01,-2.905743542828059800e-01,-9.116650093462295157e-01,6.000000000000000000e+00
6.500000000000000000e+01,6.800000000000000000e+01,9.999147450776720847e-01,8.842467716466670402e-03,9.607983187802010550e-03,2.240000000000000000e+02
7.600000000000000000e+01,8.300000000000000000e+01,2.478527848520107879e-01,6.118784543746172977e-01,7.511150072480461404e-01,6.800000000000000000e+01
6.800000000000000000e+01,7.800000000000000000e+01,3.351302618931740751e-01,6.322570345945400794e-01,-6.985261267620067605e-01,1.800000000000000000e+01
7.800000000000000000e+01,8.000000000000000000e+01,-0.000000000000000000e+00,-7.497523517431772255e-01,6.617185285720621479e-01,6.200000000000000000e+01
7.200000000000000000e+01,8.300000000000000000e+01,2.858589881381842224e-01,-8.454416114550556971e-01,4.511242850045782404e-01,6.800000000000000000e+01
6.700000000000000000e+01,8.700000000000000000e+01,4.175701155240027496e-01,2.470354962853446856e-01,8.744190426770934721e-01,7.200000000000000000e+01
8.700000000000000000e+01,8.800000000000000000e+01,4.790275110617132730e-03,-2.635730670314194099e-02,-9.996411084222781573e-01,2.160000000000000000e+02
7.100000000000000000e+01,8.500000000000000000e+01,4.318799263347301021e-01,-8.782210058527225582e-01,-2.054448687802648277e-01,4.000000000000000000e+01
6.300000000000000000e+01,9.300000000000000000e+01,6.224456936172637622e-01,5.121200573470074957e-01,-5.918567439509505590e-01,4.600000000000000000e+01
9.200000000000000000e+01,9.300000000000000000e+01,0.000000000000000000e+00,0.000000000000000000e+00,1.000000000000000000e+00,7.600000000000000000e+01
6.900000000000000000e+01,9.600000000000000000e+01,3.678301802303701740e-01,8.443893750608971738e-01,-3.894965234709561464e-01,8.000000000000000000e+01
9.200000000000000000e+01,9.400000000000000000e+01,0.000000000000000000e+00,1.000000000000000000e+00,0.000000000000000000e+00,1.500000000000000000e+02
9.300000000000000000e+01,9.500000000000000000e+01,0.000000000000000000e+00,1.000000000000000000e+00,0.000000000000000000e+00,7.400000000000000000e+01
9.400000000000000000e+01,9.500000000000000000e+01,0.000000000000000000e+00,0.000000000000000000e+00,1.000000000000000000e+00,1.580000000000000000e+02
7.400000000000000000e+01,7.700000000000000000e+01,2.532853833251754172e-01,-6.878726607912934998e-01,6.802041731198987806e-01,3.600000000000000000e+01
7.700000000000000000e+01,7.900000000000000000e+01,2.938200473650072880e-18,-7.071067811865475727e-01,-7.071067811865474617e-01,3.200000000000000000e+01
8.400000000000000000e+01,8.800000000000000000e+01,5.269036252875646149e-03,6.783871130344855116e-01,-7.346857573995170254e-01,5.200000000000000000e+01
8.400000000000000000e+01,8.500000000000000000e+01,7.552069709460015705e-03,-8.298654763643259491e-01,-5.579124101341660369e-01,5.400000000000000000e+01
8.500000000000000000e+01,8.900000000000000000e+01,6.447392059118893515e-02,4.347320448738423715e-01,-8.982489425117117232e-01,5.600000000000000000e+01
5.200000000000000000e+01,9.700000000000000000e+01,9.632215011831696261e-01,5.749156806776425932e-02,-2.624863029941770787e-01,5.800000000000000000e+01
7.100000000000000000e+01,9.700000000000000000e+01,6.448378174023384757e-01,-4.929478359136241772e-01,5.841118217566420023e-01,9.200000000000000000e+01
5.500000000000000000e+01,9.900000000000000000e+01,9.405813195047459940e-01,3.393703847994770095e-01,1.159841884766633392e-02,5.400000000000000000e+01
7.700000000000000000e+01,9.900000000000000000e+01,4.114236786933302414e-01,5.862536238185785953e-01,-6.978805378931495218e-01,6.800000000000000000e+01
6.800000000000000000e+01,1.000000000000000000e+02,6.910031867788920534e-01,6.204480842144158848e-01,-3.708891622251545006e-01,2.400000000000000000e+01
7.800000000000000000e+01,1.000000000000000000e+02,4.870820682576336158e-01,5.546713109737224645e-01,6.746041769545739752e-01,8.000000000000000000e+01
6.600000000000000000e+01,9.900000000000000000e+01,5.793850192562225443e-01,-8.111648453838835593e-01,-7.952731024501444312e-02,3.800000000000000000e+01
7.200000000000000000e+01,1.030000000000000000e+02,6.207150883703377309e-01,5.307761680777450808e-01,-5.770523706476815562e-01,8.000000000000000000e+01
6.200000000000000000e+01,1.050000000000000000e+02,6.101396056271600754e-01,-6.872382563633511188e-01,3.942502259172396273e-01,4.200000000000000000e+01
5.700000000000000000e+01,1.030000000000000000e+02,6.942397570142504470e-01,-2.527329450399086741e-01,-6.739118772304348859e-01,2.000000000000000000e+01
8.400000000000000000e+01,9.100000000000000000e+01,1.981438188106680875e-01,-1.981438188106680598e-01,9.599364844270950048e-01,5.800000000000000000e+01
7.300000000000000000e+01,1.080000000000000000e+02,7.148606537784442105e-01,-4.083041377166712338e-01,-5.676812281579345365e-01,8.200000000000000000e+01
9.000000000000000000e+01,9.200000000000000000e+01,1.168880912648989495e-01,5.811942870925075333e-01,8.053262536211525102e-01,8.600000000000000000e+01
6.400000000000000000e+01,1.110000000000000000e+02,7.712128310134506171e-01,2.275939852839548583e-01,-5.945012591599668772e-01,9.600000000000000000e+01
6.800000000000000000e+01,1.110000000000000000e+02,8.389569172994751911e-01,-5.358711550697515813e-01,9.483351770113637724e-02,7.600000000000000000e+01
1.000000000000000000e+02,1.010000000000000000e+02,0.000000000000000000e+00,1.000000000000000000e+00,0.000000000000000000e+00,2.340000000000000000e+02
8.000000000000000000e+01,1.050000000000000000e+02,5.866237216480969519e-01,5.866237216480961747e-01,5.583414890543897391e-01,7.600000000000000000e+01
8.100000000000000000e+01,1.010000000000000000e+02,4.519330238382899267e-01,-8.920469482477872969e-01,-2.963795908788313237e-03,3.600000000000000000e+01
8.200000000000000000e+01,1.010000000000000000e+02,5.910928561653699953e-01,-8.051632741476371091e-01,-4.818025896694620031e-02,2.200000000000000000e+01
6.600000000000000000e+01,1.140000000000000000e+02,7.341249441999296854e-01,4.075236689096176090e-01,-5.431252393158454428e-01,6.800000000000000000e+01
8.900000000000000000e+01,9.100000000000000000e+01,3.072281817040552476e-01,-6.517713891203278376e-01,-6.934009667508246322e-01,4.600000000000000000e+01
8.500000000000000000e+01,8.800000000000000000e+01,2.483004890884847049e-01,-4.595158078123709466e-01,-8.527555860203810401e-01,2.000000000000000000e+01
8.900000000000000000e+01,9.700000000000000000e+01,3.823548104152146854e-01,8.675611485153921221e-01,-3.180290121026680406e-01,4.800000000000000000e+01
8.500000000000000000e+01,9.700000000000000000e+01,4.086048784305882919e-01,5.420148138316246422e-01,7.343446022881856550e-01,6.400000000000000000e+01
7.800000000000000000e+01,1.040000000000000000e+02,6.998013436177369373e-01,-6.997829994606734605e-01,-1.434636997175005868e-01,5.000000000000000000e+01
7.200000000000000000e+01,1.060000000000000000e+02,5.380885286427229408e-01,5.153912939323056497e-01,6.669576819273416168e-01,6.000000000000000000e+01
8.100000000000000000e+01,1.050000000000000000e+02,6.677903546296620751e-01,-1.375995173693933260e-01,-7.315206183582935173e-01,6.000000000000000000e+01
8.200000000000000000e+01,1.140000000000000000e+02,7.282262212729934125e-01,-2.236935835518834015e-01,6.478022470848443515e-01,7.800000000000000000e+01
8.400000000000000000e+01,1.140000000000000000e+02,6.343755611773587155e-01,-6.256738421719475474e-01,-4.539822580263508378e-01,7.400000000000000000e+01
8.900000000000000000e+01,1.030000000000000000e+02,3.291184019553978213e-01,-8.002169812607584642e-01,5.013320859432839338e-01,6.800000000000000000e+01
8.900000000000000000e+01,1.080000000000000000e+02,5.180805898896320150e-01,-1.671433529770327553e-02,8.551684824496088577e-01,5.800000000000000000e+01
7.000000000000000000e+01,1.080000000000000000e+02,6.707391571106302575e-01,-6.469735379932348707e-01,3.626764732582438144e-01,2.000000000000000000e+01
7.300000000000000000e+01,1.070000000000000000e+02,7.243750965817431497e-01,6.726740203095401549e-01,-1.509648364778724550e-01,4.000000000000000000e+01
6.300000000000000000e+01,1.090000000000000000e+02,6.100748299142479958e-01,-4.722733539295676519e-01,6.362126854073396620e-01,1.000000000000000000e+01
7.000000000000000000e+01,1.070000000000000000e+02,7.273776893248687925e-01,2.319344881923583734e-02,6.858452894088317153e-01,6.000000000000000000e+01
9.600000000000000000e+01,9.700000000000000000e+01,4.384834481193065371e-05,-7.024370257407179796e-01,-7.117458977372870255e-01,4.800000000000000000e+01
6.400000000000000000e+01,1.100000000000000000e+02,8.045942671502311905e-01,8.032508310582751887e-02,5.883671866216063639e-01,7.000000000000000000e+01
8.600000000000000000e+01,1.040000000000000000e+02,4.527888747693128990e-01,8.565903277286718298e-01,-2.474575626785851523e-01,4.200000000000000000e+01
7.500000000000000000e+01,1.120000000000000000e+02,7.024417577233391663e-01,7.080944179549183426e-01,-7.195743372043665598e-02,5.000000000000000000e+01
7.900000000000000000e+01,1.120000000000000000e+02,6.768879894641279815e-01,-6.875146864071666197e-01,2.629566612460416675e-01,7.400000000000000000e+01
7.900000000000000000e+01,1.130000000000000000e+02,6.738966173136281546e-01,1.709935318675799287e-01,-7.187659989403367700e-01,7.600000000000000000e+01
9.100000000000000000e+01,1.030000000000000000e+02,3.250292792053946500e-01,-8.918804953551283388e-02,9.414889587665233872e-01,5.600000000000000000e+01
6.700000000000000000e+01,1.190000000000000000e+02,8.339678938283668908e-01,1.193270350145261560e-01,-5.387565412856902825e-01,8.000000000000000000e+01
8.800000000000000000e+01,1.090000000000000000e+02,6.219717727401141705e-01,7.471049179848199273e-01,2.344895636002064243e-01,6.600000000000000000e+01
8.500000000000000000e+01,1.090000000000000000e+02,5.091298994764312802e-01,4.332302329491335424e-01,-7.437057958076960240e-01,9.000000000000000000e+01
7.100000000000000000e+01,1.150000000000000000e+02,8.127823321255496225e-01,2.415627802296921867e-01,-5.301248002048707386e-01,6.600000000000000000e+01
7.400000000000000000e+01,1.160000000000000000e+02,8.359506772236190847e-03,1.212237092775916431e-01,-9.925900115130652512e-01,1.200000000000000000e+01
7.700000000000000000e+01,1.160000000000000000e+02,6.345574814177137313e-01,-5.076230597234073771e-01,5.827998215629905943e-01,4.600000000000000000e+01
7.600000000000000000e+01,1.120000000000000000e+02,4.360093552846436848e-01,4.645751442175893864e-01,-7.707566266205404526e-01,8.000000000000000000e+00
9.900000000000000000e+01,1.140000000000000000e+02,3.232886567335899741e-01,8.598856662319049882e-01,-3.950709878443415812e-01,7.400000000000000000e+01
1.030000000000000000e+02,1.080000000000000000e+02,1.513648781761961189e-04,-7.027498608070925634e-01,-7.114370036934301034e-01,6.000000000000000000e+01
9.000000000000000000e+01,1.190000000000000000e+02,5.441091095827383928e-01,-8.362387645033191319e-01,-6.819094962707278329e-02,8.800000000000000000e+01
9.200000000000000000e+01,9.800000000000000000e+01,0.000000000000000000e+00,0.000000000000000000e+00,1.000000000000000000e+00,7.400000000000000000e+01
9.300000000000000000e+01,9.800000000000000000e+01,1.000000000000000000e+00,0.000000000000000000e+00,0.000000000000000000e+00,8.000000000000000000e+01
9.500000000000000000e+01,9.800000000000000000e+01,4.788926203436244533e-02,9.988468070250394737e-01,-3.416822747478533411e-03,8.000000000000000000e+01
7.400000000000000000e+01,1.170000000000000000e+02,6.688062867592373673e-01,7.396602169818737860e-01,7.483925577962446951e-02,1.600000000000000000e+01
1.160000000000000000e+02,1.170000000000000000e+02,1.945284410884700818e-02,1.578854701926395501e-02,-9.996861050545302607e-01,1.920000000000000000e+02
8.300000000000000000e+01,1.280000000000000000e+02,7.240941425946290089e-01,-6.793590536457106976e-01,-1.189913815776310058e-01,8.200000000000000000e+01
8.300000000000000000e+01,1.120000000000000000e+02,8.816745987679437402e-01,4.718579255320244914e-01,-0.000000000000000000e+00,6.000000000000000000e+00
9.900000000000000000e+01,1.130000000000000000e+02,2.098899953959034725e-01,6.672539229265175287e-01,7.146456409801159593e-01,6.400000000000000000e+01
1.010000000000000000e+02,1.140000000000000000e+02,3.784492419334468671e-01,5.946523537405606907e-01,7.093410670973523402e-01,6.200000000000000000e+01
1.010000000000000000e+02,1.050000000000000000e+02,4.286133535254623567e-02,8.461095503793811812e-01,-5.312829139814286838e-01,1.000000000000000000e+01
9.100000000000000000e+01,1.130000000000000000e+02,5.448133123400896727e-01,-7.592213613563750796e-01,-3.560356430993846244e-01,7.200000000000000000e+01
1.060000000000000000e+02,1.080000000000000000e+02,1.010782535905698776e-01,8.651175258269560020e-01,-4.912787937191330778e-01,6.800000000000000000e+01
8.400000000000000000e+01,1.180000000000000000e+02,8.308181730746567739e-01,5.475270978885726780e-01,-9.977595084291086824e-02,5.200000000000000000e+01
8.800000000000000000e+01,1.180000000000000000e+02,6.399718520412367440e-01,-3.690715935149403437e-01,6.739600785322908960e-01,2.400000000000000000e+01
8.900000000000000000e+01,1.240000000000000000e+02,6.931375597561999502e-01,-1.145066035674313920e-01,-7.116519943024619543e-01,6.800000000000000000e+01
8.500000000000000000e+01,1.240000000000000000e+02,7.479623434665104709e-01,-4.941613432049001275e-01,4.431217661523911833e-01,7.400000000000000000e+01
8.500000000000000000e+01,1.180000000000000000e+02,5.793836247564750908e-01,-5.458244513421101063e-01,-6.053018120583586459e-01,3.000000000000000000e+01
9.700000000000000000e+01,1.020000000000000000e+02,9.997016153416791173e-01,-1.530911255083945884e-02,-1.903447808958552354e-02,2.420000000000000000e+02
8.900000000000000000e+01,1.020000000000000000e+02,0.000000000000000000e+00,0.000000000000000000e+00,1.000000000000000000e+00,4.000000000000000000e+00
8.500000000000000000e+01,1.020000000000000000e+02,1.000000000000000000e+00,0.000000000000000000e+00,0.000000000000000000e+00,4.000000000000000000e+00
6.900000000000000000e+01,1.260000000000000000e+02,9.682478068919968539e-01,6.816984235611321663e-02,-2.405183091616541480e-01,6.000000000000000000e+01
9.800000000000000000e+01,1.090000000000000000e+02,4.021266800676861486e-01,-6.597168167886370282e-01,6.348762515829434738e-01,7.400000000000000000e+01
9.600000000000000000e+01,1.020000000000000000e+02,4.811990296931701327e-01,6.198578441152259311e-01,6.198578441152260421e-01,2.000000000000000000e+01
1.100000000000000000e+02,1.110000000000000000e+02,1.851512143584414793e-02,2.776681765585725103e-01,-9.604986069770499180e-01,7.400000000000000000e+01
8.300000000000000000e+01,1.200000000000000000e+02,7.828639453392637337e-01,5.313160698016112793e-01,3.237704079412011549e-01,8.000000000000000000e+01
1.050000000000000000e+02,1.190000000000000000e+02,4.386136926033927241e-01,8.954860572754564929e-01,-7.564885911945007368e-02,7.200000000000000000e+01
9.100000000000000000e+01,1.240000000000000000e+02,7.088510287520580766e-01,7.053582160164801884e-01,-7.832750010519041127e-05,5.800000000000000000e+01
8.700000000000000000e+01,1.230000000000000000e+02,8.064414930035455065e-01,-3.917094804141145747e-01,-4.429625281171272744e-01,6.800000000000000000e+01
1.070000000000000000e+02,1.080000000000000000e+02,1.728245940403340397e-01,8.347744517038104828e-01,5.227650279785329701e-01,4.400000000000000000e+01
7.000000000000000000e+01,1.260000000000000000e+02,0.000000000000000000e+00,0.000000000000000000e+00,1.000000000000000000e+00,4.000000000000000000e+00
9.000000000000000000e+01,1.250000000000000000e+02,6.396369715590960459e-01,-4.262969495896218319e-01,6.396369715590958238e-01,5.400000000000000000e+01
1.020000000000000000e+02,1.260000000000000000e+02,6.414372865918612776e-01,-1.195239036315863534e-01,7.578075242634751962e-01,6.600000000000000000e+01
1.090000000000000000e+02,1.150000000000000000e+02,2.547270924778043122e-02,-8.386323382228366707e-01,-5.441019595355963689e-01,5.600000000000000000e+01
9.600000000000000000e+01,1.260000000000000000e+02,6.483974065933947317e-01,-5.801569159262446318e-01,4.929490399888290519e-01,2.200000000000000000e+01
9.000000000000000000e+01,1.270000000000000000e+02,5.323512688270976012e-01,5.142778593016684718e-01,-6.723989961401434234e-01,3.000000000000000000e+01
9.500000000000000000e+01,1.150000000000000000e+02,6.425421027943312158e-01,6.425421027943317709e-01,4.174677140489759242e-01,1.000000000000000000e+01
1.100000000000000000e+02,1.160000000000000000e+02,3.450485536457804647e-01,3.781062902707844620e-01,8.590559521268797960e-01,5.800000000000000000e+01
1.120000000000000000e+02,1.280000000000000000e+02,2.041948858110161913e-01,-7.194476640338224316e-01,6.638520221592326687e-01,8.800000000000000000e+01
1.200000000000000000e+02,1.210000000000000000e+02,1.205737492624763159e-02,-9.998838388497949259e-01,-9.323546368469612725e-03,3.240000000000000000e+02
1.130000000000000000e+02,1.140000000000000000e+02,5.998345607425552284e-02,-3.170257334829337803e-01,9.465181822379301613e-01,7.400000000000000000e+01
1.060000000000000000e+02,1.210000000000000000e+02,3.877736043844604019e-01,-8.249507797684469956e-01,4.112029215632047596e-01,7.800000000000000000e+01
1.220000000000000000e+02,1.230000000000000000e+02,5.760037693033387592e-03,-3.414986048819391735e-03,-9.999775796666947603e-01,2.560000000000000000e+02
8.800000000000000000e+01,1.230000000000000000e+02,0.000000000000000000e+00,0.000000000000000000e+00,1.000000000000000000e+00,4.000000000000000000e+00
1.080000000000000000e+02,1.260000000000000000e+02,3.502135987545273443e-01,7.887941954372283959e-01,-5.051278575686934946e-01,7.600000000000000000e+01
1.070000000000000000e+02,1.260000000000000000e+02,5.512728989169521920e-01,1.442500957052791823e-03,-8.343237441848868619e-01,5.000000000000000000e+01
1.120000000000000000e+02,1.170000000000000000e+02,1.761148364109057368e-02,4.363988698691780299e-01,8.995809368927643046e-01,4.800000000000000000e+01
1.030000000000000000e+02,1.310000000000000000e+02,6.940825635450310616e-01,-7.182348521309142031e-01,-4.886810992090538652e-02,7.400000000000000000e+01
1.140000000000000000e+02,1.230000000000000000e+02,3.049102123406011722e-01,7.930171838084725255e-01,-5.274026057907650333e-01,7.000000000000000000e+01
1.090000000000000000e+02,1.250000000000000000e+02,2.808155588382439949e-01,-2.309234892410445550e-01,-9.315669401771972113e-01,5.800000000000000000e+01
1.150000000000000000e+02,1.300000000000000000e+02,4.655212006760601762e-01,5.013721734306000322e-01,7.293256854318209692e-01,7.200000000000000000e+01
9.600000000000000000e+01,1.300000000000000000e+02,9.116650093462295157e-01,-2.905743542828057024e-01,-2.905743542828057580e-01,6.000000000000000000e+00
1.120000000000000000e+02,1.310000000000000000e+02,5.834249422662067808e-01,7.864080446697889748e-01,-2.029229509452113167e-01,6.000000000000000000e+01
1.180000000000000000e+02,1.240000000000000000e+02,2.032416995931197179e-01,1.032628898048224830e-01,9.736681093348271698e-01,5.400000000000000000e+01
1.180000000000000000e+02,1.230000000000000000e+02,1.929086093606223740e-01,-3.917988997955700325e-01,-8.995998502409456865e-01,5.400000000000000000e+01
1.190000000000000000e+02,1.250000000000000000e+02,2.530823438000117526e-02,-6.669125420490090717e-01,-7.447060860032604923e-01,4.800000000000000000e+01
9.500000000000000000e+01,1.320000000000000000e+02,9.048352213997403748e-01,2.932465552651047219e-02,4.247508524920631245e-01,5.000000000000000000e+01
9.900000000000000000e+01,1.330000000000000000e+02,8.433678433862524804e-01,-5.370482800777778287e-01,-1.760186375138668782e-02,5.800000000000000000e+01
1.000000000000000000e+02,1.340000000000000000e+02,8.052246195245609250e-01,-4.624945132430031136e-01,3.710958600303212451e-01,6.200000000000000000e+01
1.130000000000000000e+02,1.310000000000000000e+02,4.613042245317778844e-01,3.385668564152924387e-02,8.865958139234053625e-01,7.400000000000000000e+01
1.060000000000000000e+02,1.370000000000000000e+02,7.771826633595675382e-01,8.323188929759821331e-02,-6.237463910735528971e-01,6.800000000000000000e+01
1.220000000000000000e+02,1.250000000000000000e+02,3.070831424667234532e-03,8.634343506508513899e-01,-5.044518729378493216e-01,5.400000000000000000e+01
9.800000000000000000e+01,1.320000000000000000e+02,1.727067243405468744e-01,9.662070225207285423e-01,1.913540618831664208e-01,1.000000000000000000e+01
1.150000000000000000e+02,1.320000000000000000e+02,7.350702454901585359e-01,5.609174860642900801e-02,-6.756666707284822992e-01,5.400000000000000000e+01
1.100000000000000000e+02,1.330000000000000000e+02,6.639536132548030656e-01,7.307928489298374242e-01,-1.584531836187050569e-01,5.800000000000000000e+01
1.110000000000000000e+02,1.340000000000000000e+02,5.982449551322559511e-01,7.969140988137907167e-01,8.385041902464709929e-02,8.000000000000000000e+01
1.010000000000000000e+02,1.340000000000000000e+02,0.000000000000000000e+00,0.000000000000000000e+00,1.000000000000000000e+00,4.000000000000000000e+00
1.080000000000000000e+02,1.420000000000000000e+02,6.491762436085445342e-01,6.767875138820351744e-01,3.471726743101676282e-01,8.400000000000000000e+01
1.090000000000000000e+02,1.380000000000000000e+02,7.639737586218293686e-01,-1.654763210960627229e-01,6.236679271004299530e-01,6.800000000000000000e+01
1.020000000000000000e+02,1.350000000000000000e+02,9.807076976360012965e-01,-1.273029105870127631e-01,-1.483454776984070300e-01,5.200000000000000000e+01
9.600000000000000000e+01,1.390000000000000000e+02,9.285152036071961934e-01,-3.711239503048384680e-01,1.124856348243744378e-02,5.000000000000000000e+01
1.160000000000000000e+02,1.440000000000000000e+02,6.723398282735575382e-01,7.165232601160290704e-01,-1.858859140165826374e-01,5.200000000000000000e+01
1.050000000000000000e+02,1.450000000000000000e+02,8.783249704339483044e-01,3.210229823027025420e-01,3.542449592382118095e-01,6.000000000000000000e+01
1.080000000000000000e+02,1.370000000000000000e+02,7.071067811865473507e-01,-7.071067811865477948e-01,-3.505869368685550644e-18,4.400000000000000000e+01
1.230000000000000000e+02,1.250000000000000000e+02,1.000000000000000000e+00,0.000000000000000000e+00,0.000000000000000000e+00,4.000000000000000000e+00
1.240000000000000000e+02,1.380000000000000000e+02,3.877794524568180523e-01,6.339547736468179595e-01,-6.691251312144108621e-01,7.400000000000000000e+01
1.070000000000000000e+02,1.420000000000000000e+02,9.098780531574901520e-01,-4.143248653924946900e-01,2.137368241147416525e-02,4.800000000000000000e+01
1.260000000000000000e+02,1.350000000000000000e+02,3.881973138053078642e-01,2.058802471341435736e-01,-8.982851270027392143e-01,6.400000000000000000e+01
1.300000000000000000e+02,1.350000000000000000e+02,2.629884546812920609e-01,-8.388491877791917073e-01,4.766226105280113035e-01,6.800000000000000000e+01
1.110000000000000000e+02,1.410000000000000000e+02,5.432438355846693767e-01,-5.805879914135997355e-01,-6.064682343911993456e-01,8.400000000000000000e+01
1.170000000000000000e+02,1.440000000000000000e+02,7.011899707061208797e-01,7.128963755816455361e-01,1.055379854378992767e-02,1.400000000000000000e+01
1.130000000000000000e+02,1.440000000000000000e+02,7.071067811865479058e-01,-7.071067811865472397e-01,5.377642775528101376e-17,3.200000000000000000e+01
1.190000000000000000e+02,1.450000000000000000e+02,6.368969130492225794e-01,-6.985111518053814805e-01,3.262583224254829162e-01,7.400000000000000000e+01
1.260000000000000000e+02,1.420000000000000000e+02,6.257908581436142370e-01,-3.392749961316512963e-01,7.023377242208669324e-01,6.000000000000000000e+01
1.270000000000000000e+02,1.290000000000000000e+02,1.000000000000000000e+00,0.000000000000000000e+00,0.000000000000000000e+00,3.260000000000000000e+02
1.260000000000000000e+02,1.390000000000000000e+02,5.442235552088786621e-01,8.360544248167458559e-01,-6.952496458214826869e-02,6.200000000000000000e+01
1.300000000000000000e+02,1.390000000000000000e+02,5.377053427119411477e-01,-2.561259327906544869e-01,8.032885353166390185e-01,7.200000000000000000e+01
1.400000000000000000e+02,1.410000000000000000e+02,0.000000000000000000e+00,1.000000000000000000e+00,0.000000000000000000e+00,2.220000000000000000e+02
1.330000000000000000e+02,1.340000000000000000e+02,4.643270494034856810e-02,5.121265630597473528e-01,-8.576540021013911996e-01,5.200000000000000000e+01
1.140000000000000000e+02,1.540000000000000000e+02,8.382777898039397435e-01,-4.155811755620893444e-01,3.529626519050615419e-01,8.200000000000000000e+01
1.310000000000000000e+02,1.370000000000000000e+02,2.830425277762317893e-01,6.804403459831825929e-01,6.759348067885896372e-01,6.000000000000000000e+01
1.240000000000000000e+02,1.490000000000000000e+02,5.258093302704041072e-01,-5.973569842275295860e-01,-6.055486616244643017e-01,5.000000000000000000e+01
1.240000000000000000e+02,1.500000000000000000e+02,6.764020062033594405e-01,-5.661315823147995419e-01,4.711426084635221834e-01,9.400000000000000000e+01
1.190000000000000000e+02,1.430000000000000000e+02,6.109171238056191333e-01,7.866251229719030125e-01,8.944933622172980547e-02,4.200000000000000000e+01
1.250000000000000000e+02,1.430000000000000000e+02,6.706156274987837840e-01,1.398552323194431346e-01,-7.285020206885406413e-01,6.000000000000000000e+01
1.350000000000000000e+02,1.380000000000000000e+02,4.177278914606263882e-02,-5.246799396276335958e-01,-8.502740705439049140e-01,5.200000000000000000e+01
1.290000000000000000e+02,1.430000000000000000e+02,6.310692980107630579e-01,-6.084840041015066037e-01,4.811431781297542121e-01,2.800000000000000000e+01
1.280000000000000000e+02,1.460000000000000000e+02,4.730392223119214701e-01,4.208213395962758230e-01,-7.740434705460206288e-01,7.200000000000000000e+01
1.340000000000000000e+02,1.360000000000000000e+02,0.000000000000000000e+00,0.000000000000000000e+00,1.000000000000000000e+00,5.200000000000000000e+01
1.310000000000000000e+02,1.440000000000000000e+02,3.805429388118441447e-01,-6.938613284090027200e-01,-6.113456703526566338e-01,8.400000000000000000e+01
1.500000000000000000e+02,1.510000000000000000e+02,1.510184096813240243e-02,8.220359373057345865e-04,9.998856227870720481e-01,3.560000000000000000e+02
1.180000000000000000e+02,1.490000000000000000e+02,5.208892643650963050e-01,-6.452785624717768398e-01,5.588290893319225461e-01,2.000000000000000000e+01
1.220000000000000000e+02,1.560000000000000000e+02,6.670662207065432003e-01,5.675732861814447583e-01,-4.825797571443350420e-01,8.000000000000000000e+01
1.190000000000000000e+02,1.560000000000000000e+02,7.689276407449386896e-01,1.763527958943593987e-01,6.145323219153446814e-01,7.600000000000000000e+01
1.250000000000000000e+02,1.560000000000000000e+02,7.373524934560712341e-01,-5.757824631594978815e-01,-3.532504147373304870e-01,7.200000000000000000e+01
1.330000000000000000e+02,1.440000000000000000e+02,4.845518057396783207e-01,1.934451492550826601e-01,8.531052231607164638e-01,5.600000000000000000e+01
1.310000000000000000e+02,1.500000000000000000e+02,5.106576545030716563e-01,8.213112150565877734e-01,2.543160394463809260e-01,1.600000000000000000e+01
1.310000000000000000e+02,1.510000000000000000e+02,4.589842936173551546e-01,8.505806222226224289e-01,-2.566047998614875425e-01,7.400000000000000000e+01
1.250000000000000000e+02,1.520000000000000000e+02,6.620015081345640429e-01,2.641115609109161433e-01,7.014264655833584161e-01,3.600000000000000000e+01
1.320000000000000000e+02,1.530000000000000000e+02,6.668021797011420837e-01,-4.858822836748747931e-01,-5.650604034585102742e-01,6.000000000000000000e+01
1.570000000000000000e+02,1.580000000000000000e+02,1.416379838162458785e-02,1.992200317461727613e-02,9.997012056634296817e-01,3.340000000000000000e+02
1.330000000000000000e+02,1.470000000000000000e+02,3.844673840132775688e-01,-6.659608288107350393e-01,6.392816320837835242e-01,2.400000000000000000e+01
1.200000000000000000e+02,1.620000000000000000e+02,7.418283635715038349e-01,-1.299857692506808104e-01,-6.578710958790737751e-01,7.600000000000000000e+01
1.330000000000000000e+02,1.540000000000000000e+02,5.943690520602306071e-01,8.040714817308883822e-01,1.394568822670219990e-02,6.600000000000000000e+01
1.340000000000000000e+02,1.540000000000000000e+02,4.417264872730468084e-01,5.111290175168786698e-01,7.373091874469251961e-01,8.000000000000000000e+01
1.310000000000000000e+02,1.620000000000000000e+02,6.581983855718153142e-01,-2.588270306279449873e-01,7.069536430679006500e-01,9.400000000000000000e+01
1.210000000000000000e+02,1.620000000000000000e+02,4.345816109363960233e-01,8.879848228833389090e-01,1.504053781111956700e-01,6.000000000000000000e+00
1.370000000000000000e+02,1.550000000000000000e+02,4.140170617227097449e-01,5.529476244808124719e-01,7.230759276753171427e-01,6.800000000000000000e+01
1.380000000000000000e+02,1.520000000000000000e+02,2.419844338006336415e-01,1.034982736422133398e-01,-9.647443397871108273e-01,5.800000000000000000e+01
1.320000000000000000e+02,1.600000000000000000e+02,7.162284276008149542e-01,5.276254130505673729e-04,6.978657185360860327e-01,5.200000000000000000e+01
1.410000000000000000e+02,1.580000000000000000e+02,4.547852591715741966e-01,6.487874066194155853e-01,-6.101190613743330271e-01,8.400000000000000000e+01
1.440000000000000000e+02,1.470000000000000000e+02,9.681801967386094443e-02,-8.128056060250969939e-01,-5.744330403803445950e-01,5.400000000000000000e+01
1.440000000000000000e+02,1.460000000000000000e+02,7.397319040027273973e-02,-6.301422382682093648e-01,7.729480750039655623e-01,4.200000000000000000e+01
1.370000000000000000e+02,1.510000000000000000e+02,5.673342518303092774e-01,6.052999371004055273e-01,-5.583402482773279774e-01,2.200000000000000000e+01
1.490000000000000000e+02,1.500000000000000000e+02,1.942099442177000201e-01,-8.562037534590890425e-03,9.809226213520688686e-01,6.000000000000000000e+01
1.420000000000000000e+02,1.550000000000000000e+02,5.008829229213416223e-01,-8.587531975500795056e-01,1.079779756398851487e-01,5.600000000000000000e+01
1.430000000000000000e+02,1.560000000000000000e+02,3.806884323936281511e-01,-7.457913655142341947e-01,5.466914637765036833e-01,7.800000000000000000e+01
1.260000000000000000e+02,1.640000000000000000e+02,9.664167901647354730e-01,2.569119819242031699e-01,-5.900951742512731621e-03,6.600000000000000000e+01
1.430000000000000000e+02,1.530000000000000000e+02,4.273430464303824006e-01,5.883731322423747523e-01,6.864364340001899434e-01,6.400000000000000000e+01
1.390000000000000000e+02,1.650000000000000000e+02,6.255753737563514161e-01,2.745472249222055128e-01,7.302597298476187770e-01,6.200000000000000000e+01
1.330000000000000000e+02,1.610000000000000000e+02,1.000000000000000000e+00,0.000000000000000000e+00,0.000000000000000000e+00,4.000000000000000000e+00
1.460000000000000000e+02,1.480000000000000000e+02,9.981711053378823362e-01,-8.005081168269511868e-03,5.991963905131484497e-02,2.140000000000000000e+02
1.340000000000000000e+02,1.710000000000000000e+02,5.729936864844132893e-01,-7.182300723670731468e-01,-3.947452322658129842e-01,6.400000000000000000e+01
1.440000000000000000e+02,1.540000000000000000e+02,3.628882110084058563e-03,-7.236495500125719182e-01,6.901580688373014638e-01,2.800000000000000000e+01
1.340000000000000000e+02,1.720000000000000000e+02,6.208316637584347930e-01,6.639492338370829305e-01,-4.168206570721803006e-01,8.600000000000000000e+01
1.310000000000000000e+02,1.670000000000000000e+02,5.847050907558295485e-01,3.675603155409404854e-01,-7.232007821370640688e-01,4.400000000000000000e+01
1.450000000000000000e+02,1.590000000000000000e+02,4.283649520733629479e-01,-5.025572246516757380e-01,-7.509591891611625547e-01,6.200000000000000000e+01
1.490000000000000000e+02,1.540000000000000000e+02,2.829294420115498476e-01,-7.698953870885926198e-01,-5.720244957890694426e-01,6.400000000000000000e+01
1.450000000000000000e+02,1.560000000000000000e+02,9.493517939398890548e-02,8.955033630298472325e-01,4.348114976810809051e-01,6.600000000000000000e+01
1.420000000000000000e+02,1.630000000000000000e+02,4.586378119867557390e-01,-5.481364967158234291e-01,-6.994267212396915179e-01,7.200000000000000000e+01
1.350000000000000000e+02,1.680000000000000000e+02,7.292129760296778285e-01,-6.840816956873918553e-01,-1.675318523155433503e-02,5.200000000000000000e+01
1.390000000000000000e+02,1.640000000000000000e+02,6.989741436084278003e-01,-6.943691566897770562e-01,1.711333421773581498e-01,6.800000000000000000e+01
1.290000000000000000e+02,1.690000000000000000e+02,8.931863924971310542e-01,-2.635597019649819628e-01,3.643547059639699603e-01,7.200000000000000000e+01
1.410000000000000000e+02,1.710000000000000000e+02,5.802772134328375575e-01,7.501731977967288634e-01,3.170465720963577816e-01,5.200000000000000000e+01
1.360000000000000000e+02,1.710000000000000000e+02,6.604260421923090485e-01,-6.767557291145857024e-01,3.253292576833322625e-01,3.800000000000000000e+01
1.480000000000000000e+02,1.620000000000000000e+02,1.701791536397742333e-01,7.114639935378673785e-01,6.818049879295394744e-01,4.800000000000000000e+01
1.440000000000000000e+02,1.670000000000000000e+02,5.669485506206876080e-01,8.141020703300124728e-01,1.257265287578115676e-01,3.200000000000000000e+01
1.510000000000000000e+02,1.630000000000000000e+02,3.349561754178165818e-01,6.903736541573256558e-01,6.412398757055978171e-01,7.800000000000000000e+01
1.420000000000000000e+02,1.640000000000000000e+02,5.986434225344331450e-01,5.687173450261236995e-01,-5.640803436769420420e-01,2.600000000000000000e+01
1.520000000000000000e+02,1.530000000000000000e+02,2.200032982707498738e-02,-7.791147136668966633e-01,6.264952102253055211e-01,1.600000000000000000e+01
1.430000000000000000e+02,1.690000000000000000e+02,6.658350234942950197e-01,7.422752860373016404e-01,-7.543952032319317658e-02,5.600000000000000000e+01
1.350000000000000000e+02,1.740000000000000000e+02,8.538150096011082324e-01,5.200564133977549908e-01,-2.326491486600915440e-02,6.400000000000000000e+01
1.470000000000000000e+02,1.610000000000000000e+02,4.736649144040673276e-01,-6.231549981235321584e-02,-8.784977674107795620e-01,5.600000000000000000e+01
1.440000000000000000e+02,1.480000000000000000e+02,1.177542604770957929e-01,-7.177188737229109883e-01,6.863042710353830511e-01,1.200000000000000000e+01
1.450000000000000000e+02,1.720000000000000000e+02,5.173177361569939459e-01,-6.343849701506165673e-01,5.744023585470415805e-01,8.600000000000000000e+01
1.500000000000000000e+02,1.670000000000000000e+02,3.993646256312182174e-01,-7.318800549263142496e-01,-5.521408162737946324e-01,7.800000000000000000e+01
1.500000000000000000e+02,1.680000000000000000e+02,2.950971605750398741e-01,8.352067774864982974e-01,-4.640552819020249964e-01,7.800000000000000000e+01
1.480000000000000000e+02,1.700000000000000000e+02,5.865282882863532832e-01,-7.639983676687055469e-01,2.688699708770654895e-01,6.000000000000000000e+01
1.610000000000000000e+02,1.660000000000000000e+02,2.119115644366806606e-01,5.617795577223759773e-01,-7.996856991238808776e-01,7.800000000000000000e+01
1.580000000000000000e+02,1.710000000000000000e+02,3.269882445706012164e-01,1.096779953782975048e-01,9.386423308387675801e-01,7.000000000000000000e+01
1.540000000000000000e+02,1.670000000000000000e+02,2.616449187662960862e-01,4.179786829160124229e-01,8.699630780162880272e-01,7.000000000000000000e+01
1.540000000000000000e+02,1.730000000000000000e+02,3.014287866810295702e-01,7.628003183624223471e-01,-5.720807293260186110e-01,9.400000000000000000e+01
1.630000000000000000e+02,1.640000000000000000e+02,1.280574105341772684e-01,9.342750564969246607e-01,-3.327633068938784522e-01,5.000000000000000000e+01
1.380000000000000000e+02,1.750000000000000000e+02,9.212162317611964912e-01,3.688632056871812837e-01,-1.236955529915188534e-01,4.800000000000000000e+01
1.610000000000000000e+02,1.710000000000000000e+02,1.801886858969114491e-01,5.785130712498512962e-01,-7.955216300439659216e-01,1.400000000000000000e+01
1.660000000000000000e+02,1.710000000000000000e+02,2.333350884354234711e-01,5.260756324162264574e-01,-8.178014217905839045e-01,6.400000000000000000e+01
1.490000000000000000e+02,1.730000000000000000e+02,7.026958261723625920e-01,-3.906809586483974694e-01,-5.946317889496912645e-01,3.000000000000000000e+01
1.560000000000000000e+02,1.730000000000000000e+02,4.852162024314001787e-01,-5.304688120527156769e-01,6.951029249955944511e-01,7.200000000000000000e+01
1.640000000000000000e+02,1.740000000000000000e+02,1.310997651167989941e-01,5.837865642867484661e-01,-8.012528308496602580e-01,8.000000000000000000e+01
1.600000000000000000e+02,1.740000000000000000e+02,4.532651155074082228e-01,-1.725520785487054953e-01,8.745150171681314033e-01,7.400000000000000000e+01
1.580000000000000000e+02,1.760000000000000000e+02,4.969953169296397744e-01,8.198383175165037118e-01,2.843603138303854028e-01,7.600000000000000000e+01
1.590000000000000000e+02,1.760000000000000000e+02,6.429725426910859465e-01,-7.094982476839237773e-01,2.884415813969982145e-01,6.200000000000000000e+01
1.720000000000000000e+02,1.730000000000000000e+02,6.759956190223846695e-02,7.036376409014402089e-01,7.073361078986999395e-01,6.600000000000000000e+01
1.510000000000000000e+02,1.780000000000000000e+02,6.307980512553043040e-01,-5.077549387371648182e-01,5.867527083197217053e-01,8.000000000000000000e+01
1.640000000000000000e+02,1.680000000000000000e+02,1.000000000000000000e+00,0.000000000000000000e+00,0.000000000000000000e+00,1.000000000000000000e+01
1.420000000000000000e+02,1.770000000000000000e+02,8.346133253891088177e-01,5.092175674096709459e-01,2.100430101772270686e-01,7.000000000000000000e+01
1.520000000000000000e+02,1.790000000000000000e+02,6.276195743511273628e-01,3.125796463061888963e-01,-7.130130676266791534e-01,4.000000000000000000e+01
1.680000000000000000e+02,1.740000000000000000e+02,1.501680657849734646e-01,9.746588572518191107e-01,1.658000723732595549e-01,5.400000000000000000e+01
1.530000000000000000e+02,1.790000000000000000e+02,7.079782831707845947e-01,-6.558359485965195024e-01,2.620037386890721187e-01,5.600000000000000000e+01
1.600000000000000000e+02,1.750000000000000000e+02,6.506322118525749154e-01,-7.523416137173797313e-01,1.032464099567389215e-01,5.800000000000000000e+01
1.470000000000000000e+02,1.850000000000000000e+02,8.685423985599318719e-01,-4.727369655331660203e-01,-1.488417391804292833e-01,6.400000000000000000e+01
1.440000000000000000e+02,1.880000000000000000e+02,9.591753742640676261e-01,1.463305317850876475e-01,-2.420123485958500242e-01,6.800000000000000000e+01
1.710000000000000000e+02,1.720000000000000000e+02,1.667441908549870955e-01,9.793006412630305135e-01,1.147459316835797577e-01,6.600000000000000000e+01
1.540000000000000000e+02,1.720000000000000000e+02,1.000000000000000000e+00,0.000000000000000000e+00,0.000000000000000000e+00,4.000000000000000000e+00
1.450000000000000000e+02,1.900000000000000000e+02,9.601703672139730861e-01,1.135286557657551459e-01,-2.553117902569419506e-01,3.200000000000000000e+01
1.450000000000000000e+02,1.910000000000000000e+02,9.172901045948059773e-01,2.305695462655628913e-01,-3.246791467700730349e-01,3.000000000000000000e+01
1.560000000000000000e+02,1.820000000000000000e+02,5.908285854395145531e-01,4.717974773250262488e-01,-6.544682750273564942e-01,8.000000000000000000e+01
1.680000000000000000e+02,1.750000000000000000e+02,2.736023875350536427e-02,6.364622147086876902e-01,-7.708224611306184748e-01,3.400000000000000000e+01
1.640000000000000000e+02,1.770000000000000000e+02,5.478868482819934105e-01,-1.213158289407099272e-01,8.277091706197609033e-01,6.200000000000000000e+01
1.740000000000000000e+02,1.750000000000000000e+02,6.470611410458314283e-02,-6.203099165166386930e-01,-7.816832646722107203e-01,6.000000000000000000e+01
1.530000000000000000e+02,1.830000000000000000e+02,7.698352579992580047e-01,5.996714201899079333e-01,-2.185128448138332902e-01,7.000000000000000000e+01
1.540000000000000000e+02,1.880000000000000000e+02,6.500203352386574318e-01,-4.287907270263141002e-01,6.273851099543791277e-01,9.400000000000000000e+01
1.720000000000000000e+02,1.760000000000000000e+02,1.004541741470621613e-01,-5.399746414485543378e-01,-8.356652113669307269e-01,7.000000000000000000e+01
1.620000000000000000e+02,1.800000000000000000e+02,6.231779568859731055e-01,3.367764764307744629e-01,-7.058546868685482423e-01,8.000000000000000000e+01
1.670000000000000000e+02,1.800000000000000000e+02,6.080290654950689655e-01,-4.559634889754599074e-01,6.499214969783030371e-01,6.600000000000000000e+01
1.900000000000000000e+02,1.910000000000000000e+02,7.206701112410407624e-03,9.999734108962692325e-01,1.113983643377145644e-03,3.760000000000000000e+02
1.490000000000000000e+02,1.970000000000000000e+02,8.284823742119619139e-01,4.362269469459004734e-01,3.511737552528224615e-01,4.400000000000000000e+01
1.630000000000000000e+02,1.920000000000000000e+02,6.054423222702003393e-01,-6.240687993325306770e-01,4.939410168266248902e-01,7.200000000000000000e+01
1.560000000000000000e+02,1.790000000000000000e+02,0.000000000000000000e+00,0.000000000000000000e+00,1.000000000000000000e+00,4.000000000000000000e+00
1.610000000000000000e+02,1.850000000000000000e+02,6.964058727295353579e-01,-2.233705372205507245e-01,6.820003398310127141e-01,6.400000000000000000e+01
1.700000000000000000e+02,1.860000000000000000e+02,5.807212346309519324e-01,5.147520380396517492e-01,6.307084801893245718e-01,6.800000000000000000e+01
1.860000000000000000e+02,1.870000000000000000e+02,0.000000000000000000e+00,1.000000000000000000e+00,0.000000000000000000e+00,3.480000000000000000e+02
1.620000000000000000e+02,1.870000000000000000e+02,7.324245981130980132e-01,-6.684795156817140427e-01,1.291872485689207484e-01,8.600000000000000000e+01
1.670000000000000000e+02,1.880000000000000000e+02,6.383554207247353895e-01,-5.756135165550099186e-01,-5.110493482928251119e-01,4.800000000000000000e+01
1.620000000000000000e+02,1.890000000000000000e+02,7.154385861125820423e-01,5.881738097632430717e-01,3.770930906418490380e-01,8.000000000000000000e+01
1.720000000000000000e+02,1.900000000000000000e+02,4.034039429780442720e-01,6.127344791781431654e-01,-6.795746587506455993e-01,9.600000000000000000e+01
1.590000000000000000e+02,1.900000000000000000e+02,5.457902336396184273e-01,5.925002197736346510e-01,5.925002197736345400e-01,3.000000000000000000e+01
1.550000000000000000e+02,1.920000000000000000e+02,8.207046909552988545e-01,-8.848355117099775125e-02,-5.644594506394032818e-01,5.800000000000000000e+01
1.680000000000000000e+02,1.970000000000000000e+02,6.636579845456856974e-01,-4.539323477720802469e-01,-5.945616058869638287e-01,9.000000000000000000e+01
1.700000000000000000e+02,1.840000000000000000e+02,7.860470032449856648e-01,4.522411540957084752e-01,-4.214356976239183594e-01,4.800000000000000000e+01
1.710000000000000000e+02,1.950000000000000000e+02,5.613613946029449853e-01,3.487359681249382337e-01,7.505042366205526561e-01,8.800000000000000000e+01
1.720000000000000000e+02,1.950000000000000000e+02,4.688325666288522542e-01,-6.296326216644189122e-01,6.194826762744811699e-01,9.400000000000000000e+01
1.540000000000000000e+02,1.950000000000000000e+02,5.412300122433153504e-01,-5.550181420253142983e-01,-6.316842058100461399e-01,1.800000000000000000e+01
1.500000000000000000e+02,1.930000000000000000e+02,8.745977892058975911e-01,4.612762090145769989e-01,1.493417761823420675e-01,2.000000000000000000e+01
1.510000000000000000e+02,1.930000000000000000e+02,9.808565061517089401e-01,1.877204947506395660e-01,5.178349341669850198e-02,4.600000000000000000e+01
1.750000000000000000e+02,1.940000000000000000e+02,5.899350146661458405e-01,-5.745670340199584558e-01,-5.673177256955418413e-01,7.200000000000000000e+01
1.600000000000000000e+02,2.030000000000000000e+02,7.592260041379508273e-01,-1.565864926964818660e-01,-6.317092249965444717e-01,4.400000000000000000e+01
1.650000000000000000e+02,2.040000000000000000e+02,8.312418477234513325e-01,-3.288875666967479017e-01,-4.481851838979002967e-01,8.000000000000000000e+01
1.800000000000000000e+02,1.880000000000000000e+02,7.869871536640107856e-02,-5.336224840816222725e-01,-8.420531792483397782e-01,6.400000000000000000e+01
1.780000000000000000e+02,1.800000000000000000e+02,1.446769697510904840e-01,8.264362656538974949e-01,5.441246853761393387e-01,2.600000000000000000e+01
1.540000000000000000e+02,1.980000000000000000e+02,9.167840051505927734e-01,3.932315256179516605e-01,6.982875596926968464e-02,8.000000000000000000e+01
1.670000000000000000e+02,1.990000000000000000e+02,8.322729396833346005e-01,4.813076581968446233e-01,2.750721578639501175e-01,6.000000000000000000e+01
1.780000000000000000e+02,1.810000000000000000e+02,9.993601643535966472e-01,3.198287687016212327e-02,1.601116767322526002e-02,2.120000000000000000e+02
1.730000000000000000e+02,2.000000000000000000e+02,5.647647683933597618e-01,6.918593985019880765e-01,-4.498570095997857510e-01,1.020000000000000000e+02
1.560000000000000000e+02,2.000000000000000000e+02,9.849940333498075073e-01,-2.386551709786395581e-02,1.709303699139795851e-01,6.600000000000000000e+01
1.680000000000000000e+02,2.010000000000000000e+02,6.998261370640369572e-01,4.470965938351720848e-01,5.570888741152661972e-01,4.600000000000000000e+01
1.790000000000000000e+02,1.940000000000000000e+02,4.174912371635621788e-01,-4.944009617451686212e-01,7.624098346146188643e-01,5.600000000000000000e+01
1.640000000000000000e+02,2.020000000000000000e+02,7.187092716852339080e-01,-5.865870686863053907e-01,-3.733263902320436700e-01,4.400000000000000000e+01
1.790000000000000000e+02,2.030000000000000000e+02,5.186056347084907481e-01,5.088516500194287806e-01,6.871085750600905984e-01,8.800000000000000000e+01
1.750000000000000000e+02,2.030000000000000000e+02,6.266843059643339986e-01,4.551677743125679410e-01,-6.325259503651565751e-01,8.800000000000000000e+01
1.770000000000000000e+02,2.040000000000000000e+02,5.570029327163028565e-01,6.424457616778335156e-01,-5.263185121650445497e-01,8.600000000000000000e+01
1.640000000000000000e+02,2.040000000000000000e+02,8.045942671502311905e-01,5.883671866216061419e-01,8.032508310582776867e-02,7.000000000000000000e+01
1.580000000000000000e+02,2.090000000000000000e+02,9.393514987102182801e-01,-4.527343478374932367e-02,3.399545233906268726e-01,4.000000000000000000e+01
1.840000000000000000e+02,1.850000000000000000e+02,2.737922650795866081e-02,-5.474414379402778863e-01,-8.363959887408038973e-01,6.200000000000000000e+01
1.780000000000000000e+02,1.890000000000000000e+02,1.000000000000000000e+00,0.000000000000000000e+00,0.000000000000000000e+00,8.000000000000000000e+00
1.810000000000000000e+02,1.920000000000000000e+02,4.836989971753112294e-01,5.756150872341230240e-01,6.593197642116085389e-01,4.800000000000000000e+01
1.810000000000000000e+02,1.930000000000000000e+02,3.121530268923922713e-01,6.317473438466202351e-01,-7.095461798534733466e-01,5.400000000000000000e+01
1.790000000000000000e+02,2.000000000000000000e+02,5.499638395740320540e-01,-8.298783492882719770e-01,-9.403031715123290335e-02,7.000000000000000000e+01
2.010000000000000000e+02,2.020000000000000000e+02,1.520022553316974744e-02,9.998829327165934533e-01,1.753284291017582998e-03,3.000000000000000000e+02
1.570000000000000000e+02,2.090000000000000000e+02,5.773502691896259531e-01,5.773502691896256200e-01,5.773502691896257311e-01,6.000000000000000000e+00
1.710000000000000000e+02,2.090000000000000000e+02,6.893168500185811176e-01,-1.357582275428060974e-02,-7.243327807831185794e-01,1.800000000000000000e+01
1.840000000000000000e+02,1.880000000000000000e+02,3.249593168503320806e-01,6.855062599879073737e-01,-6.515232995907032088e-01,5.000000000000000000e+01
1.880000000000000000e+02,1.950000000000000000e+02,5.776003150844251366e-02,-2.538014959893687417e-01,-9.655302063600610385e-01,7.400000000000000000e+01
1.800000000000000000e+02,1.990000000000000000e+02,5.253381929922782412e-01,6.475663970244065482e-01,-5.519760360997897353e-01,6.400000000000000000e+01
1.800000000000000000e+02,1.810000000000000000e+02,5.029331338441320742e-01,-7.338738518065831551e-01,-4.566042405807126392e-01,2.400000000000000000e+01
1.810000000000000000e+02,1.890000000000000000e+02,4.418808881535216115e-01,-4.748249886066868708e-01,7.611061101313761901e-01,5.600000000000000000e+01
1.730000000000000000e+02,1.980000000000000000e+02,6.530357249771294725e-01,-3.835214254864909855e-01,6.530357249771292505e-01,2.000000000000000000e+01
1.890000000000000000e+02,1.920000000000000000e+02,4.084581922681830568e-03,9.440067169001031822e-01,-3.299009467067434143e-01,3.200000000000000000e+01
1.930000000000000000e+02,1.970000000000000000e+02,1.823605588658034835e-02,-2.275758277170379651e-01,9.735895895625663599e-01,6.600000000000000000e+01
1.940000000000000000e+02,1.970000000000000000e+02,1.065783031123888717e-02,6.524088518787031221e-01,-7.577922542777599801e-01,6.200000000000000000e+01
1.820000000000000000e+02,2.000000000000000000e+02,4.871809498886284229e-01,-4.556781548400857251e-01,7.449913699279666623e-01,8.600000000000000000e+01
1.940000000000000000e+02,2.000000000000000000e+02,3.439809802511175074e-01,-4.193136740764999981e-01,-8.401506578929441860e-01,7.800000000000000000e+01
1.750000000000000000e+02,2.070000000000000000e+02,7.659395706422492678e-01,-2.675558483449206118e-02,6.423555968500087587e-01,5.600000000000000000e+01
1.740000000000000000e+02,2.070000000000000000e+02,5.938622731589259240e-01,-6.342819089967927093e-01,-4.949889498139306010e-01,5.000000000000000000e+01
1.690000000000000000e+02,2.050000000000000000e+02,8.752492436330587822e-01,2.797792548565921078e-01,-3.945406570578604000e-01,6.200000000000000000e+01
1.830000000000000000e+02,2.030000000000000000e+02,3.183454893342424485e-01,-4.923718624643750319e-01,8.100778348244718208e-01,7.800000000000000000e+01
1.850000000000000000e+02,1.880000000000000000e+02,1.424837871294626010e-02,-9.320068875465845615e-01,-3.621603861133631530e-01,4.200000000000000000e+01
1.760000000000000000e+02,2.090000000000000000e+02,6.233820428881028386e-01,-7.352701849192135874e-01,2.660311706802813148e-01,4.200000000000000000e+01
1.620000000000000000e+02,2.100000000000000000e+02,9.652193715190519052e-01,-3.369679612782574239e-03,-2.614196054309502748e-01,4.200000000000000000e+01
1.800000000000000000e+02,2.100000000000000000e+02,6.501843469266930242e-01,-3.686209275654896977e-01,6.643635501532785259e-01,6.600000000000000000e+01
1.880000000000000000e+02,1.980000000000000000e+02,1.252231315424028324e-01,8.473579377975103410e-01,-5.160462116693275147e-01,8.600000000000000000e+01
1.720000000000000000e+02,2.120000000000000000e+02,7.709193866680726925e-01,5.546050520323090316e-01,3.132036646011065462e-01,7.400000000000000000e+01
1.810000000000000000e+02,1.990000000000000000e+02,5.311338235204079439e-01,-2.753202217010375374e-01,-8.013087027076916113e-01,5.200000000000000000e+01
1.730000000000000000e+02,2.120000000000000000e+02,7.743878651715446759e-01,-5.592672045002278214e-01,-2.958777251594955082e-01,7.400000000000000000e+01
1.910000000000000000e+02,2.000000000000000000e+02,3.083261262606058484e-01,7.080911541912291440e-01,6.352494921062602495e-01,7.800000000000000000e+01
1.940000000000000000e+02,2.030000000000000000e+02,3.427037336241856580e-01,9.249153270162691065e-01,1.645776072569747894e-01,6.200000000000000000e+01
1.790000000000000000e+02,2.130000000000000000e+02,6.864188736591091411e-01,1.755854354094168179e-01,-7.056903603965730687e-01,7.000000000000000000e+01
1.760000000000000000e+02,2.110000000000000000e+02,7.184390308775508993e-01,3.190640932712727751e-01,6.180966455957404015e-01,6.000000000000000000e+01
1.720000000000000000e+02,2.110000000000000000e+02,7.592735727226757048e-01,-4.476161785998504228e-01,-4.723805652443910930e-01,4.200000000000000000e+01
1.890000000000000000e+02,2.100000000000000000e+02,1.000000000000000000e+00,0.000000000000000000e+00,0.000000000000000000e+00,4.000000000000000000e+00
1.970000000000000000e+02,1.980000000000000000e+02,2.611060233627908733e-01,-8.029559045293462871e-01,-5.358035646999081969e-01,8.200000000000000000e+01
1.930000000000000000e+02,1.990000000000000000e+02,3.960517021091987111e-01,-8.403576420778990919e-01,-3.700568640866971903e-01,5.400000000000000000e+01
1.930000000000000000e+02,2.010000000000000000e+02,4.983276242663690625e-01,8.040243528421566754e-01,3.243677217754373787e-01,6.200000000000000000e+01
1.970000000000000000e+02,2.070000000000000000e+02,3.231283239000680707e-01,8.581864963842515959e-01,3.988784573241019316e-01,7.200000000000000000e+01
1.820000000000000000e+02,2.130000000000000000e+02,5.771738836695323727e-01,6.926511134964143945e-01,4.325560576179766636e-01,8.000000000000000000e+01
1.830000000000000000e+02,2.130000000000000000e+02,5.897089531876722468e-01,-7.380386772386912098e-01,-3.279363679588814806e-01,8.000000000000000000e+01
1.870000000000000000e+02,2.100000000000000000e+02,3.933718416635434978e-01,8.628709713284526961e-01,-3.173519828596075842e-01,7.200000000000000000e+01
1.890000000000000000e+02,1.960000000000000000e+02,9.998990514144665553e-01,-5.837415728806684585e-03,1.295421005152412423e-02,2.620000000000000000e+02
1.960000000000000000e+02,2.100000000000000000e+02,2.749593912790411765e-01,-6.770833012734124301e-01,-6.826093584797648939e-01,6.600000000000000000e+01
1.980000000000000000e+02,1.990000000000000000e+02,1.489637560176880204e-01,-1.636091410288194048e-01,-9.752137449630796651e-01,5.800000000000000000e+01
1.900000000000000000e+02,2.120000000000000000e+02,4.079330521942102217e-01,-2.270478308281609625e-01,8.843302027205349747e-01,4.200000000000000000e+01
1.920000000000000000e+02,1.960000000000000000e+02,1.758496400716929309e-01,-9.318369543195006433e-01,3.174221080063781009e-01,2.600000000000000000e+01
1.970000000000000000e+02,1.990000000000000000e+02,1.000000000000000000e+00,0.000000000000000000e+00,0.000000000000000000e+00,6.000000000000000000e+00
1.820000000000000000e+02,2.210000000000000000e+02,7.708029504260743847e-01,-5.394528868111846398e-01,-3.389002722417586155e-01,6.600000000000000000e+01
2.020000000000000000e+02,2.070000000000000000e+02,4.995099983615339592e-03,-3.742086159675642731e-01,9.273310955164794089e-01,4.600000000000000000e+01
1.770000000000000000e+02,2.150000000000000000e+02,9.354033577872962191e-01,-3.534608843118610677e-01,9.271542575472158446e-03,4.600000000000000000e+01
2.020000000000000000e+02,2.040000000000000000e+02,1.115967508212202808e-01,-8.240372518504142096e-01,-5.554356603324670516e-01,8.000000000000000000e+01
1.840000000000000000e+02,2.160000000000000000e+02,6.927903023497267165e-01,7.211364663571074862e-01,-1.947783396243289939e-03,4.600000000000000000e+01
1.960000000000000000e+02,2.190000000000000000e+02,6.222635668215913407e-01,-6.814378442384756429e-01,3.852668138395645703e-01,6.800000000000000000e+01
1.810000000000000000e+02,2.240000000000000000e+02,9.398584449990152745e-01,-2.412522860627552002e-01,2.417921376586247839e-01,5.400000000000000000e+01
1.910000000000000000e+02,2.200000000000000000e+02,6.479779624481420974e-01,7.101474359261958913e-01,-2.753455636631969572e-01,7.800000000000000000e+01
2.000000000000000000e+02,2.060000000000000000e+02,9.998323372897465200e-01,1.825489452446750482e-02,1.433923158029905493e-03,3.920000000000000000e+02
2.010000000000000000e+02,2.070000000000000000e+02,0.000000000000000000e+00,1.000000000000000000e+00,0.000000000000000000e+00,4.000000000000000000e+00
2.040000000000000000e+02,2.150000000000000000e+02,3.255601692582390516e-01,-7.582134157939383057e-01,5.649097204887124635e-01,8.200000000000000000e+01
2.050000000000000000e+02,2.080000000000000000e+02,9.984794502581910702e-01,-4.048701110238659556e-02,3.741108584491833339e-02,1.860000000000000000e+02
1.740000000000000000e+02,2.220000000000000000e+02,9.486900655261893966e-01,3.157127141923337654e-01,-1.768167608638659960e-02,6.000000000000000000e+01
1.880000000000000000e+02,2.160000000000000000e+02,4.359295809238840635e-01,6.938430115283656940e-01,5.731904359187920406e-01,1.800000000000000000e+01
1.880000000000000000e+02,2.170000000000000000e+02,6.374931943901634979e-01,-2.727248408120003798e-01,7.205717093463316347e-01,5.200000000000000000e+01
1.980000000000000000e+02,2.140000000000000000e+02,3.816297819974903138e-01,7.746126090181866264e-01,-5.043153928273316211e-01,5.400000000000000000e+01
1.970000000000000000e+02,2.140000000000000000e+02,4.864724604717428069e-01,-3.646875261787760891e-01,-7.939443012278463163e-01,6.000000000000000000e+01
1.910000000000000000e+02,2.210000000000000000e+02,0.000000000000000000e+00,0.000000000000000000e+00,1.000000000000000000e+00,4.000000000000000000e+00
2.000000000000000000e+02,2.140000000000000000e+02,1.000000000000000000e+00,0.000000000000000000e+00,0.000000000000000000e+00,4.000000000000000000e+00
2.200000000000000000e+02,2.210000000000000000e+02,8.488355450514380521e-03,7.012005586133595036e-01,-7.129135462467089956e-01,2.560000000000000000e+02
2.060000000000000000e+02,2.130000000000000000e+02,3.551920494820652308e-01,8.091966424454912765e-01,-4.680164546676474080e-01,9.000000000000000000e+01
2.080000000000000000e+02,2.130000000000000000e+02,3.194043190431929413e-01,-6.367386371705519021e-01,7.018153524330617010e-01,6.400000000000000000e+01
1.850000000000000000e+02,2.230000000000000000e+02,7.321045289228571562e-01,1.270816721316281317e-01,-6.692332981396479363e-01,3.800000000000000000e+01
1.950000000000000000e+02,2.230000000000000000e+02,6.213538357847180338e-01,-7.702571927929185991e-01,-1.436080349645883769e-01,7.200000000000000000e+01
2.160000000000000000e+02,2.170000000000000000e+02,0.000000000000000000e+00,1.000000000000000000e+00,0.000000000000000000e+00,9.200000000000000000e+01
2.160000000000000000e+02,2.180000000000000000e+02,3.502969625713496949e-03,-9.994226803021031280e-01,-3.379401280643641592e-02,1.040000000000000000e+02
2.170000000000000000e+02,2.180000000000000000e+02,0.000000000000000000e+00,0.000000000000000000e+00,1.000000000000000000e+00,9.600000000000000000e+01
2.100000000000000000e+02,2.180000000000000000e+02,2.927853368395496036e-01,-4.183029339985611106e-01,-8.598252159246941861e-01,5.400000000000000000e+01
1.960000000000000000e+02,2.240000000000000000e+02,7.071067811865474617e-01,-0.000000000000000000e+00,-7.071067811865475727e-01,2.400000000000000000e+01
1.980000000000000000e+02,2.120000000000000000e+02,3.680616767519099275e-01,-7.169271629826818870e-01,-5.920692907795299664e-01,6.000000000000000000e+00
2.120000000000000000e+02,2.140000000000000000e+02,1.407700046566865704e-01,6.913373031851599571e-01,7.086864885219886778e-01,3.600000000000000000e+01
2.060000000000000000e+02,2.120000000000000000e+02,3.474164556357325906e-01,-7.905461613028786916e-01,5.043199115668424160e-01,2.200000000000000000e+01
1.910000000000000000e+02,2.060000000000000000e+02,9.642172707503604556e-01,1.054312189007688139e-01,2.432474313694280854e-01,1.000000000000000000e+01
2.060000000000000000e+02,2.140000000000000000e+02,3.759703548834631426e-01,-4.218454221442993202e-01,8.250410487149718586e-01,7.200000000000000000e+01
2.070000000000000000e+02,2.220000000000000000e+02,5.083909444382206377e-01,7.393257178682481889e-01,4.415157194390857964e-01,6.000000000000000000e+01
2.100000000000000000e+02,2.160000000000000000e+02,1.000000000000000000e+00,0.000000000000000000e+00,0.000000000000000000e+00,4.000000000000000000e+00
2.100000000000000000e+02,2.190000000000000000e+02,3.484499011999273588e-01,9.229156020498992252e-02,9.327727130811073186e-01,4.800000000000000000e+01
2.100000000000000000e+02,2.240000000000000000e+02,5.397944376559943302e-01,8.287707136967393806e-01,-1.475163353471270478e-01,5.800000000000000000e+01
1.990000000000000000e+02,2.240000000000000000e+02,6.175401345395979957e-01,-4.295604585784121299e-02,7.853654947583795787e-01,5.600000000000000000e+01
1.960000000000000000e+02,2.300000000000000000e+02,8.781381328397078745e-01,4.133981455882803635e-01,2.407807983975520094e-01,6.600000000000000000e+01
1.930000000000000000e+02,2.250000000000000000e+02,9.017912738095437142e-01,-3.124784300618332344e-01,-2.985460253077445447e-01,5.800000000000000000e+01
1.920000000000000000e+02,2.320000000000000000e+02,8.338365346224858587e-01,3.903310348465544033e-01,-3.903310348465542923e-01,4.400000000000000000e+01
1.850000000000000000e+02,2.270000000000000000e+02,8.341025706027170861e-01,5.512655335478124918e-01,1.947339816737697279e-02,8.000000000000000000e+01
1.880000000000000000e+02,2.270000000000000000e+02,5.940595861744661921e-01,-6.984328085585883583e-01,-3.991050237759283803e-01,1.800000000000000000e+01
1.950000000000000000e+02,2.280000000000000000e+02,7.179063759403063738e-01,-5.516612368257338417e-02,-6.939503830837580045e-01,6.800000000000000000e+01
2.110000000000000000e+02,2.280000000000000000e+02,7.238415881618875947e-01,-4.439224231362297601e-01,5.281914780495180484e-01,7.800000000000000000e+01
1.880000000000000000e+02,2.290000000000000000e+02,3.773290223540470278e-01,5.410302971140823480e-01,7.516043018064672010e-01,8.000000000000000000e+00
1.990000000000000000e+02,2.290000000000000000e+02,7.137265763956303077e-01,-6.887668819311348889e-01,-1.272578347349763717e-01,5.400000000000000000e+01
1.910000000000000000e+02,2.350000000000000000e+02,7.686499218167337499e-01,3.372435006846748462e-01,5.435477154188719240e-01,6.200000000000000000e+01
1.990000000000000000e+02,2.250000000000000000e+02,6.827679839422003960e-01,7.242151208701521625e-01,9.664542827539097936e-02,4.400000000000000000e+01
2.010000000000000000e+02,2.320000000000000000e+02,7.519266853313366639e-01,-5.282467944076845168e-01,3.944129613547638913e-01,7.000000000000000000e+01
1.980000000000000000e+02,2.310000000000000000e+02,7.987954723186765360e-01,-6.015553628949384946e-01,-7.545778655706731480e-03,6.600000000000000000e+01
1.900000000000000000e+02,2.350000000000000000e+02,0.000000000000000000e+00,1.000000000000000000e+00,0.000000000000000000e+00,4.000000000000000000e+00
2.120000000000000000e+02,2.350000000000000000e+02,5.986802393873844608e-01,4.283024267178013877e-01,-6.768596621417961590e-01,9.000000000000000000e+01
1.970000000000000000e+02,2.400000000000000000e+02,8.543987019082172063e-01,-5.189274425276987346e-01,-2.677998448869932033e-02,5.800000000000000000e+01
2.060000000000000000e+02,2.350000000000000000e+02,6.703308153813917203e-01,-6.878555895438182022e-01,-2.784084874486488781e-01,9.800000000000000000e+01
2.150000000000000000e+02,2.320000000000000000e+02,6.100216048718867246e-01,-5.391896600749793711e-01,-5.806446004724025167e-01,8.200000000000000000e+01
2.070000000000000000e+02,2.340000000000000000e+02,7.797860865554833154e-01,1.843073734417590703e-01,-5.983013047867138390e-01,5.800000000000000000e+01
2.030000000000000000e+02,2.330000000000000000e+02,7.894036914542019723e-01,-4.276138894056190076e-01,4.404408853704181448e-01,9.200000000000000000e+01
2.230000000000000000e+02,2.270000000000000000e+02,6.050848196433009085e-02,5.279684144356366904e-01,8.471057059002095047e-01,6.600000000000000000e+01
2.230000000000000000e+02,2.280000000000000000e+02,1.450322614710096436e-01,7.440065567947786729e-01,-6.522421993239800875e-01,7.800000000000000000e+01
2.170000000000000000e+02,2.290000000000000000e+02,3.524279457729427301e-01,6.119320446874713104e-01,-7.080492325558120914e-01,3.400000000000000000e+01
2.240000000000000000e+02,2.250000000000000000e+02,9.619154183288423920e-02,7.405841711083985812e-01,-6.650430608490691675e-01,6.200000000000000000e+01
2.060000000000000000e+02,2.410000000000000000e+02,7.123821233121204743e-01,2.277373020981042218e-01,6.638127986250277335e-01,7.800000000000000000e+01
2.330000000000000000e+02,2.340000000000000000e+02,0.000000000000000000e+00,0.000000000000000000e+00,1.000000000000000000e+00,1.260000000000000000e+02
2.140000000000000000e+02,2.400000000000000000e+02,6.815403665839315783e-01,-2.176005345597593899e-01,6.986792798387162495e-01,6.400000000000000000e+01
2.200000000000000000e+02,2.350000000000000000e+02,4.895408836717482504e-01,-5.058495580270745418e-01,7.102576630052624962e-01,9.600000000000000000e+01
2.250000000000000000e+02,2.320000000000000000e+02,1.328274208281558788e-01,5.548460602468330283e-01,8.212811490011856508e-01,7.000000000000000000e+01
2.020000000000000000e+02,2.380000000000000000e+02,7.785060226886505452e-01,6.262633306099222308e-01,4.150437773133723585e-02,3.800000000000000000e+01
2.150000000000000000e+02,2.440000000000000000e+02,6.446664473590218991e-01,5.950375245747087094e-01,-4.799328244634870066e-01,5.400000000000000000e+01
2.040000000000000000e+02,2.440000000000000000e+02,9.123674789421533093e-01,-3.107207491272262478e-01,2.665299222049083983e-01,8.200000000000000000e+01
2.190000000000000000e+02,2.460000000000000000e+02,7.057678306055108486e-01,-7.026175638824099234e-01,-9.066602564543412013e-02,6.200000000000000000e+01
2.100000000000000000e+02,2.470000000000000000e+02,8.690146260654568744e-01,3.233839404307365384e-01,3.744815172419117544e-01,5.800000000000000000e+01
2.190000000000000000e+02,2.470000000000000000e+02,7.255133614130481190e-01,2.568867063118575045e-01,-6.384665868558708768e-01,6.400000000000000000e+01
2.110000000000000000e+02,2.520000000000000000e+02,9.242816770395259063e-01,1.470150824419553248e-01,-3.522640302721619654e-01,6.600000000000000000e+01
2.290000000000000000e+02,2.310000000000000000e+02,1.373579875978093723e-01,-3.739773530244274169e-01,-9.172097484588368488e-01,6.000000000000000000e+01
2.120000000000000000e+02,2.480000000000000000e+02,7.445367591931071338e-01,1.377232361357337391e-02,6.674393884934481935e-01,4.600000000000000000e+01
2.240000000000000000e+02,2.300000000000000000e+02,7.202601403452064677e-01,3.841013012807205640e-01,5.776603851610047080e-01,1.400000000000000000e+01
2.120000000000000000e+02,2.390000000000000000e+02,7.011899707061207687e-01,-1.055379854378772631e-02,7.128963755816455361e-01,1.400000000000000000e+01
2.140000000000000000e+02,2.420000000000000000e+02,7.676355081341006414e-01,6.395848922330679143e-01,-4.082759212733668569e-02,1.400000000000000000e+01
2.410000000000000000e+02,2.420000000000000000e+02,0.000000000000000000e+00,0.000000000000000000e+00,1.000000000000000000e+00,2.640000000000000000e+02
2.220000000000000000e+02,2.510000000000000000e+02,6.225415779791997339e-01,2.913522384099170304e-01,-7.263304047475217518e-01,6.600000000000000000e+01
2.260000000000000000e+02,2.450000000000000000e+02,3.333451067659080613e-01,-1.800928959298749299e-01,-9.254445356858597149e-01,6.800000000000000000e+01
2.270000000000000000e+02,2.310000000000000000e+02,9.315522428198358407e-02,8.328782714694215050e-01,-5.455601608467044450e-01,6.000000000000000000e+01
2.240000000000000000e+02,2.470000000000000000e+02,4.757790538777282863e-01,-5.979049383288467245e-01,6.450922233395713912e-01,7.400000000000000000e+01
2.390000000000000000e+02,2.480000000000000000e+02,9.862700947273929375e-02,9.942064362950876477e-01,4.273493924046437020e-02,1.200000000000000000e+02
2.140000000000000000e+02,2.390000000000000000e+02,6.935804037486139606e-01,-7.203786159103410247e-01,-9.344918464156949873e-04,3.200000000000000000e+01
2.250000000000000000e+02,2.400000000000000000e+02,4.267477934048266586e-01,-1.475729957377787394e-01,-8.922491421980123238e-01,5.800000000000000000e+01
2.330000000000000000e+02,2.360000000000000000e+02,9.926212717100038052e-01,-5.595476475895724139e-02,-1.075735806301181680e-01,1.520000000000000000e+02
2.310000000000000000e+02,2.480000000000000000e+02,2.593714820774026264e-01,7.198629418747065634e-01,-6.438352112151560780e-01,7.000000000000000000e+01
2.250000000000000000e+02,2.500000000000000000e+02,5.752950647356375180e-01,7.241400273120724984e-01,-3.803377569152050497e-01,6.200000000000000000e+01
2.150000000000000000e+02,2.540000000000000000e+02,6.059733451013665784e-01,-4.760140541799576241e-01,6.373436476892356817e-01,1.400000000000000000e+01
2.360000000000000000e+02,2.420000000000000000e+02,4.551812698559215553e-02,-5.955797397128720361e-01,-8.020055322497913197e-01,5.800000000000000000e+01
2.340000000000000000e+02,2.430000000000000000e+02,1.061212414170358970e-01,8.421348874672801577e-01,-5.287221514468432026e-01,1.200000000000000000e+01
2.330000000000000000e+02,2.420000000000000000e+02,1.000000000000000000e+00,0.000000000000000000e+00,0.000000000000000000e+00,4.000000000000000000e+00
2.260000000000000000e+02,2.460000000000000000e+02,4.745713461956199697e-01,8.787899700221122323e-01,5.010215522921154796e-02,6.400000000000000000e+01
2.280000000000000000e+02,2.520000000000000000e+02,2.750001951212621698e-01,7.204969101602107795e-01,-6.365996348827548390e-01,4.400000000000000000e+01
2.300000000000000000e+02,2.470000000000000000e+02,2.063414739146587629e-01,-4.647047456196842785e-01,-8.610880881427117606e-01,2.000000000000000000e+01
2.390000000000000000e+02,2.400000000000000000e+02,4.440465628295413997e-02,-5.208528712552347173e-01,-8.524907700412777123e-01,3.800000000000000000e+01
2.400000000000000000e+02,2.500000000000000000e+02,5.346887563294416140e-03,7.424329738520072386e-01,6.698990148751156060e-01,7.200000000000000000e+01
2.320000000000000000e+02,2.540000000000000000e+02,2.781251315217312947e-01,6.254151632201004896e-01,7.290420322796175023e-01,7.800000000000000000e+01
2.430000000000000000e+02,2.500000000000000000e+02,2.813653163496523946e-01,-4.922891936082227637e-01,8.237019537502784372e-01,7.000000000000000000e+01
2.340000000000000000e+02,2.370000000000000000e+02,9.995771491004249443e-01,-1.358829638411868448e-02,2.570760972249497289e-02,1.320000000000000000e+02
2.370000000000000000e+02,2.430000000000000000e+02,3.354456424039619633e-01,-3.669631945031863185e-01,8.676486817094866133e-01,6.800000000000000000e+01
2.380000000000000000e+02,2.500000000000000000e+02,6.621914022192393334e-02,-7.347202090228182048e-01,-6.751305354683162507e-01,6.400000000000000000e+01
2.380000000000000000e+02,2.440000000000000000e+02,1.154873432943725846e-02,3.974533626528543584e-01,9.175496996083246648e-01,4.800000000000000000e+01
2.460000000000000000e+02,2.470000000000000000e+02,1.697704499163239233e-01,8.123696723883083726e-01,-5.578830609714922062e-01,7.000000000000000000e+01
2.350000000000000000e+02,2.520000000000000000e+02,2.807528811895787513e-01,-8.379174893373344535e-01,-4.680513868864913385e-01,6.400000000000000000e+01
2.440000000000000000e+02,2.540000000000000000e+02,3.123791724441207229e-01,-7.435219380043082138e-01,5.912650677398790799e-01,6.200000000000000000e+01
2.360000000000000000e+02,2.510000000000000000e+02,3.121314721842265993e-01,5.854270735166361428e-01,7.482306366795299368e-01,1.200000000000000000e+01
2.370000000000000000e+02,2.510000000000000000e+02,5.107789616009374978e-01,5.696156664474020248e-01,6.439276705683255608e-01,1.600000000000000000e+01
2.360000000000000000e+02,2.370000000000000000e+02,0.000000000000000000e+00,0.000000000000000000e+00,1.000000000000000000e+00,1.260000000000000000e+02
2.480000000000000000e+02,2.490000000000000000e+02,0.000000000000000000e+00,1.000000000000000000e+00,0.000000000000000000e+00,1.100000000000000000e+02
2.390000000000000000e+02,2.490000000000000000e+02,1.000000000000000000e+00,0.000000000000000000e+00,0.000000000000000000e+00,1.100000000000000000e+02
2.400000000000000000e+02,2.490000000000000000e+02,7.017737077260163131e-03,5.796257449073610735e-01,8.148525923177155628e-01,3.400000000000000000e+01
2.520000000000000000e+02,2.530000000000000000e+02,9.999946693682294496e-01,-3.237652675709122921e-03,-4.228951137348942874e-04,3.360000000000000000e+02
2.350000000000000000e+02,2.530000000000000000e+02,9.753920671175791979e-01,1.637409125916999553e-01,1.476456194667940813e-01,1.400000000000000000e+01
